daddr,dport,last,nbytes,npkts,proto,saddr,sport
10.2.0.1,53864,2012-04-25 18:12:42.508,146,1,17,10.2.0.2,53
10.2.0.2,53,2012-04-25 18:12:42.509,82,1,17,10.2.0.1,53622
10.2.0.1,49267,2012-04-25 18:12:50.515,90,1,17,10.2.0.2,53
10.2.0.2,53,2012-04-25 18:12:50.515,90,1,17,10.2.0.1,49267
10.2.0.2,53,2012-04-25 18:12:56.52,75,1,17,10.2.0.1,55204
10.2.0.1,64299,2012-04-25 18:12:56.521,79,1,17,10.2.0.2,53
10.2.0.2,53,2012-04-25 18:12:56.521,79,1,17,10.2.0.1,64299
10.2.0.1,55204,2012-04-25 18:12:56.521,75,1,17,10.2.0.2,53
10.2.0.2,53,2012-04-25 18:13:05.528,89,1,17,10.2.0.1,57947
10.2.0.1,57947,2012-04-25 18:13:05.528,89,1,17,10.2.0.2,53
10.2.0.2,53,2012-04-25 18:13:19.539,83,1,17,10.2.0.1,56226
10.2.0.1,56226,2012-04-25 18:13:19.539,83,1,17,10.2.0.2,53
10.2.0.2,53,2012-04-25 18:13:23.544,80,1,17,10.2.0.1,58373
10.2.0.1,58373,2012-04-25 18:13:23.544,80,1,17,10.2.0.2,53
10.2.0.2,53,2012-04-25 18:13:25.546,88,1,17,10.2.0.1,64301
10.2.0.1,64301,2012-04-25 18:13:25.546,88,1,17,10.2.0.2,53
10.2.0.2,53,2012-04-25 18:13:39.557,82,1,17,10.2.0.1,55373
10.2.0.1,55373,2012-04-25 18:13:39.557,82,1,17,10.2.0.2,53
10.2.0.2,53,2012-04-25 18:13:53.567,75,1,17,10.2.0.1,56508
10.2.0.2,53,2012-04-25 18:13:53.568,79,1,17,10.2.0.1,54142
10.2.0.1,56508,2012-04-25 18:13:53.568,75,1,17,10.2.0.2,53
10.2.0.1,54142,2012-04-25 18:13:53.568,79,1,17,10.2.0.2,53
10.2.0.2,53,2012-04-25 18:13:55.57,91,1,17,10.2.0.1,52064
10.2.0.1,52064,2012-04-25 18:13:55.57,91,1,17,10.2.0.2,53
10.2.0.2,53,2012-04-25 18:14:09.581,88,1,17,10.2.0.1,64586
10.2.0.1,64586,2012-04-25 18:14:09.582,88,1,17,10.2.0.2,53
10.2.0.1,65363,2012-04-25 18:14:23.592,82,1,17,10.2.0.2,53
10.2.0.2,53,2012-04-25 18:14:23.592,82,1,17,10.2.0.1,65363
10.2.0.1,58838,2012-04-25 18:14:37.603,75,1,17,10.2.0.2,53
10.2.0.1,58721,2012-04-25 18:14:37.603,79,1,17,10.2.0.2,53
10.2.0.2,53,2012-04-25 18:14:37.603,75,1,17,10.2.0.1,58838
10.2.0.2,53,2012-04-25 18:14:37.603,79,1,17,10.2.0.1,58721
10.2.0.2,53,2012-04-25 18:15:03.622,88,1,17,10.2.0.1,60022
10.2.0.1,60022,2012-04-25 18:15:03.622,88,1,17,10.2.0.2,53
10.2.0.1,64302,2012-04-25 18:15:17.633,82,1,17,10.2.0.2,53
10.2.0.2,53,2012-04-25 18:15:17.633,82,1,17,10.2.0.1,64302
10.2.0.2,53,2012-04-25 18:15:31.644,75,1,17,10.2.0.1,53503
10.2.0.2,53,2012-04-25 18:15:31.644,79,1,17,10.2.0.1,57669
10.2.0.1,57669,2012-04-25 18:15:31.644,79,1,17,10.2.0.2,53
10.2.0.1,53503,2012-04-25 18:15:31.644,75,1,17,10.2.0.2,53
10.2.0.2,22,2012-04-25 18:15:45.654,370,3,6,10.2.0.1,1123
10.2.0.1,1123,2012-04-25 18:15:45.655,268,2,6,10.2.0.2,22
10.2.0.1,52513,2012-04-25 18:15:46.656,88,1,17,10.2.0.2,53
10.2.0.2,53,2012-04-25 18:15:46.656,88,1,17,10.2.0.1,52513
10.2.0.2,53,2012-04-25 18:16:00.665,82,1,17,10.2.0.1,64303
10.2.0.1,64303,2012-04-25 18:16:00.665,82,1,17,10.2.0.2,53
10.2.0.1,58960,2012-04-25 18:16:14.675,75,1,17,10.2.0.2,53
10.2.0.2,53,2012-04-25 18:16:14.675,79,1,17,10.2.0.1,55086
10.2.0.2,53,2012-04-25 18:16:14.675,75,1,17,10.2.0.1,58960
10.2.0.1,55086,2012-04-25 18:16:14.676,79,1,17,10.2.0.2,53
10.2.0.2,22,2012-04-25 18:16:17.68,562234,377,6,10.2.0.1,1123
10.2.0.1,1123,2012-04-25 18:16:17.68,12344,204,6,10.2.0.2,22
10.2.0.2,22,2012-04-25 18:16:18.682,869288,586,6,10.2.0.1,1123
10.2.0.1,1123,2012-04-25 18:16:18.682,19166,317,6,10.2.0.2,22
10.2.0.2,22,2012-04-25 18:16:19.685,1013102,685,6,10.2.0.1,1123
10.2.0.1,1123,2012-04-25 18:16:19.685,21890,363,6,10.2.0.2,22
10.2.0.1,1099,2012-04-25 18:16:20.686,188,2,6,10.2.0.2,22
10.2.0.2,22,2012-04-25 18:16:20.686,1200266,807,6,10.2.0.1,1123
10.2.0.1,1123,2012-04-25 18:16:20.687,26312,436,6,10.2.0.2,22
10.2.0.2,22,2012-04-25 18:16:20.687,188,2,6,10.2.0.1,1099
10.2.0.1,1099,2012-04-25 18:16:21.689,230,1,6,10.2.0.2,22
10.2.0.2,22,2012-04-25 18:16:21.689,1846170,1247,6,10.2.0.1,1123
10.2.0.1,1123,2012-04-25 18:16:21.689,40236,666,6,10.2.0.2,22
10.2.0.2,22,2012-04-25 18:16:21.689,188,2,6,10.2.0.1,1099
10.2.0.2,22,2012-04-25 18:16:22.691,1846170,1247,6,10.2.0.1,1123
10.2.0.1,1123,2012-04-25 18:16:22.692,40334,669,6,10.2.0.2,22
10.2.0.2,22,2012-04-25 18:16:23.698,1561910,1053,6,10.2.0.1,1123
10.2.0.1,1123,2012-04-25 18:16:23.698,33900,562,6,10.2.0.2,22
10.2.0.2,22,2012-04-25 18:16:24.7,480624,332,6,10.2.0.1,1123
10.2.0.1,1123,2012-04-25 18:16:24.701,12714,183,6,10.2.0.2,22
10.2.0.1,1099,2012-04-25 18:16:25.702,220,2,6,10.2.0.2,22
10.2.0.2,22,2012-04-25 18:16:25.702,188,2,6,10.2.0.1,1099
10.2.0.1,1099,2012-04-25 18:16:26.704,520,4,6,10.2.0.2,22
10.2.0.2,22,2012-04-25 18:16:26.704,510,5,6,10.2.0.1,1099
10.2.0.1,1099,2012-04-25 18:16:27.706,10088,12,6,10.2.0.2,22
10.2.0.2,22,2012-04-25 18:16:27.706,968,12,6,10.2.0.1,1099
10.2.0.2,53,2012-04-25 18:16:41.716,88,1,17,10.2.0.1,54745
10.2.0.1,0,2012-04-25 18:16:41.716,94,2,1,10.2.0.2,0
10.2.0.1,54745,2012-04-25 18:16:41.717,88,1,17,10.2.0.2,53
10.2.0.2,0,2012-04-25 18:16:41.717,94,2,1,10.2.0.1,0
10.2.0.1,61209,2012-04-25 18:16:55.727,82,1,17,10.2.0.2,53
10.2.0.2,53,2012-04-25 18:16:55.727,82,1,17,10.2.0.1,61209
10.2.0.1,57501,2012-04-25 18:17:09.738,79,1,17,10.2.0.2,53
10.2.0.1,60270,2012-04-25 18:17:09.738,75,1,17,10.2.0.2,53
10.2.0.2,53,2012-04-25 18:17:09.739,75,1,17,10.2.0.1,60270
10.2.0.2,53,2012-04-25 18:17:09.739,79,1,17,10.2.0.1,57501
10.2.0.2,53,2012-04-25 18:17:25.75,88,1,17,10.2.0.1,65475
10.2.0.1,65475,2012-04-25 18:17:25.75,88,1,17,10.2.0.2,53
10.2.0.2,53,2012-04-25 18:17:39.761,82,1,17,10.2.0.1,64304
10.2.0.1,64304,2012-04-25 18:17:39.761,82,1,17,10.2.0.2,53
10.2.0.2,53,2012-04-25 18:17:53.772,79,1,17,10.2.0.1,58605
10.2.0.1,51312,2012-04-25 18:17:53.772,75,1,17,10.2.0.2,53
10.2.0.2,53,2012-04-25 18:17:53.772,75,1,17,10.2.0.1,51312
10.2.0.1,58605,2012-04-25 18:17:53.772,79,1,17,10.2.0.2,53
10.2.0.2,53,2012-04-25 18:17:58.777,75,1,17,10.2.0.1,50395
10.2.0.1,50395,2012-04-25 18:17:58.777,75,1,17,10.2.0.2,53
10.2.0.1,56698,2012-04-25 18:18:19.793,88,1,17,10.2.0.2,53
10.2.0.2,53,2012-04-25 18:18:19.793,88,1,17,10.2.0.1,56698
10.2.0.2,53,2012-04-25 18:18:26.798,76,1,17,10.2.0.1,59777
10.2.0.1,59777,2012-04-25 18:18:26.798,76,1,17,10.2.0.2,53
10.2.0.2,8080,2012-04-25 18:29:29.617,440,2,6,10.2.0.1,1659
10.2.0.2,53,2012-04-25 18:29:30.618,75,1,17,10.2.0.1,52476
10.2.0.1,52476,2012-04-25 18:29:30.618,75,1,17,10.2.0.2,53
10.2.0.1,1659,2012-04-25 18:29:31.62,54,1,6,10.2.0.2,8080
10.2.0.1,1099,2012-04-25 18:29:31.62,188,2,6,10.2.0.2,22
10.2.0.2,22,2012-04-25 18:29:31.62,188,2,6,10.2.0.1,1099
10.2.0.2,8080,2012-04-25 18:29:31.62,537,1,6,10.2.0.1,1659
10.2.0.1,1099,2012-04-25 18:29:32.717,14326,17,6,10.2.0.2,22
10.2.0.2,22,2012-04-25 18:29:32.717,968,12,6,10.2.0.1,1099
10.2.0.1,1099,2012-04-25 18:26:36.32,584,4,6,10.2.0.2,22
10.2.0.1,1099,2012-04-25 18:29:35.72,188,2,6,10.2.0.2,22
10.2.0.2,22,2012-04-25 18:29:35.72,188,2,6,10.2.0.1,1099
10.2.0.1,1659,2012-04-25 18:29:36.722,11523,6,6,10.2.0.2,8080
10.2.0.1,1099,2012-04-25 18:29:36.722,13994,15,6,10.2.0.2,22
10.2.0.2,22,2012-04-25 18:29:36.722,834,11,6,10.2.0.1,1099
10.2.0.2,8080,2012-04-25 18:29:36.722,656,6,6,10.2.0.1,1659
10.2.0.2,53,2012-04-25 18:29:49.732,90,1,17,10.2.0.1,50973
10.2.0.1,50973,2012-04-25 18:29:49.732,90,1,17,10.2.0.2,53
10.2.0.1,1659,2012-04-25 18:29:56.739,54,1,6,10.2.0.2,8080
10.2.0.2,8080,2012-04-25 18:29:56.739,54,1,6,10.2.0.1,1659
10.2.0.2,53,2012-04-25 18:29:59.742,88,1,17,10.2.0.1,64323
10.2.0.1,64323,2012-04-25 18:29:59.742,88,1,17,10.2.0.2,53
10.2.0.2,53,2012-04-25 18:30:01.745,90,1,17,10.2.0.1,51113
10.2.0.1,51113,2012-04-25 18:30:01.745,90,1,17,10.2.0.2,53
10.2.0.2,53,2012-04-25 18:30:03.747,84,1,17,10.2.0.1,55099
10.2.0.1,55099,2012-04-25 18:30:03.747,84,1,17,10.2.0.2,53
10.2.0.1,1659,2012-04-25 18:30:04.749,54,1,6,10.2.0.2,8080
10.2.0.2,8080,2012-04-25 18:30:04.749,54,1,6,10.2.0.1,1659
10.2.0.2,53,2012-04-25 18:30:07.752,81,1,17,10.2.0.1,54223
10.2.0.1,54223,2012-04-25 18:30:07.752,81,1,17,10.2.0.2,53
10.2.0.1,55742,2012-04-25 18:30:13.758,82,1,17,10.2.0.2,53
10.2.0.2,53,2012-04-25 18:30:13.758,82,1,17,10.2.0.1,55742
10.2.0.1,64903,2012-04-25 18:30:15.761,84,1,17,10.2.0.2,53
10.2.0.2,53,2012-04-25 18:30:15.761,84,1,17,10.2.0.1,64903
10.2.0.2,53,2012-04-25 18:30:19.765,81,1,17,10.2.0.1,64398
10.2.0.1,64398,2012-04-25 18:30:19.765,81,1,17,10.2.0.2,53
10.2.0.2,53,2012-04-25 18:30:26.771,79,1,17,10.2.0.1,64324
10.2.0.1,64324,2012-04-25 18:30:26.771,79,1,17,10.2.0.2,53
10.2.0.1,50688,2012-04-25 18:30:27.773,75,1,17,10.2.0.2,53
10.2.0.2,53,2012-04-25 18:30:27.773,75,1,17,10.2.0.1,50688
10.2.0.1,53932,2012-04-25 18:30:42.785,88,1,17,10.2.0.2,53
10.2.0.2,53,2012-04-25 18:30:42.785,88,1,17,10.2.0.1,53932
10.2.0.1,57295,2012-04-25 18:30:56.796,82,1,17,10.2.0.2,53
10.2.0.2,53,2012-04-25 18:30:56.796,82,1,17,10.2.0.1,57295
10.2.0.2,53,2012-04-25 18:31:10.807,79,1,17,10.2.0.1,55059
10.2.0.1,56089,2012-04-25 18:31:10.807,75,1,17,10.2.0.2,53
10.2.0.2,53,2012-04-25 18:31:10.807,75,1,17,10.2.0.1,56089
10.2.0.1,55059,2012-04-25 18:31:10.807,79,1,17,10.2.0.2,53
10.2.0.2,53,2012-04-25 18:31:16.813,104,1,17,10.2.0.1,57101
10.2.0.1,57101,2012-04-25 18:31:16.814,104,1,17,10.2.0.2,53
10.2.0.2,53,2012-04-25 18:31:30.825,146,1,17,10.2.0.1,64325
10.2.0.1,64325,2012-04-25 18:31:30.825,146,1,17,10.2.0.2,53
10.2.0.2,53,2012-04-25 18:31:37.831,88,1,17,10.2.0.1,57709
10.2.0.1,57709,2012-04-25 18:31:37.831,88,1,17,10.2.0.2,53
10.2.0.1,64348,2012-04-25 18:31:51.841,82,1,17,10.2.0.2,53
10.2.0.2,53,2012-04-25 18:31:51.841,82,1,17,10.2.0.1,64348
10.2.0.2,53,2012-04-25 18:31:53.843,104,1,17,10.2.0.1,59354
10.2.0.1,59354,2012-04-25 18:31:53.844,104,1,17,10.2.0.2,53
10.2.0.2,53,2012-04-25 18:32:05.854,75,1,17,10.2.0.1,51634
10.2.0.1,51634,2012-04-25 18:32:05.854,75,1,17,10.2.0.2,53
10.2.0.1,56041,2012-04-25 18:32:05.854,79,1,17,10.2.0.2,53
10.2.0.2,53,2012-04-25 18:32:05.854,79,1,17,10.2.0.1,56041
10.2.0.1,60233,2012-04-25 18:32:07.856,146,1,17,10.2.0.2,53
10.2.0.2,53,2012-04-25 18:32:07.857,146,1,17,10.2.0.1,60233
10.2.0.2,53,2012-04-25 18:32:20.867,88,1,17,10.2.0.1,57625
10.2.0.1,57625,2012-04-25 18:32:20.867,88,1,17,10.2.0.2,53
10.2.0.1,61139,2012-04-25 18:32:30.875,104,1,17,10.2.0.2,53
10.2.0.2,53,2012-04-25 18:32:30.875,104,1,17,10.2.0.1,61139
10.2.0.1,49395,2012-04-25 18:32:34.879,82,1,17,10.2.0.2,53
10.2.0.2,53,2012-04-25 18:32:34.879,82,1,17,10.2.0.1,49395
10.2.0.2,53,2012-04-25 18:32:44.887,146,1,17,10.2.0.1,58662
10.2.0.1,58662,2012-04-25 18:32:44.887,146,1,17,10.2.0.2,53
10.2.0.2,53,2012-04-25 18:32:48.891,79,1,17,10.2.0.1,50269
10.2.0.1,50269,2012-04-25 18:32:48.891,79,1,17,10.2.0.2,53
10.2.0.1,64326,2012-04-25 18:32:48.892,75,1,17,10.2.0.2,53
10.2.0.2,53,2012-04-25 18:32:48.892,75,1,17,10.2.0.1,64326
10.2.0.1,51867,2012-04-25 18:33:07.906,89,1,17,10.2.0.2,53
10.2.0.2,53,2012-04-25 18:33:07.906,89,1,17,10.2.0.1,51867
10.2.0.1,64327,2012-04-25 18:33:15.913,88,1,17,10.2.0.2,53
10.2.0.2,53,2012-04-25 18:33:15.913,88,1,17,10.2.0.1,64327
10.2.0.1,64328,2012-04-25 18:33:21.918,83,1,17,10.2.0.2,53
10.2.0.2,53,2012-04-25 18:33:21.919,83,1,17,10.2.0.1,64328
10.2.0.1,49964,2012-04-25 18:33:25.922,80,1,17,10.2.0.2,53
10.2.0.2,53,2012-04-25 18:33:25.923,80,1,17,10.2.0.1,49964
10.2.0.1,0,2012-04-25 18:33:27.925,47,1,1,10.2.0.2,0
10.2.0.2,0,2012-04-25 18:33:27.925,47,1,1,10.2.0.1,0
10.2.0.1,64619,2012-04-25 18:33:29.928,82,1,17,10.2.0.2,53
10.2.0.2,53,2012-04-25 18:33:29.928,82,1,17,10.2.0.1,64619
10.2.0.1,0,2012-04-25 18:33:31.93,47,1,1,10.2.0.2,0
10.2.0.2,0,2012-04-25 18:33:31.93,47,1,1,10.2.0.1,0
10.2.0.3,138,2012-04-25 18:33:33.933,250,1,17,10.2.0.1,138
10.2.0.1,56724,2012-04-25 18:33:43.941,75,1,17,10.2.0.2,53
10.2.0.2,53,2012-04-25 18:33:43.941,75,1,17,10.2.0.1,56724
10.2.0.1,59592,2012-04-25 18:33:43.942,79,1,17,10.2.0.2,53
10.2.0.2,53,2012-04-25 18:33:43.942,79,1,17,10.2.0.1,59592
10.2.0.2,53,2012-04-25 18:33:55.951,91,1,17,10.2.0.1,54214
10.2.0.1,54214,2012-04-25 18:33:55.951,91,1,17,10.2.0.2,53
10.2.0.1,49396,2012-04-25 18:33:59.955,88,1,17,10.2.0.2,53
10.2.0.2,53,2012-04-25 18:33:59.955,88,1,17,10.2.0.1,49396
10.2.0.2,53,2012-04-25 18:34:13.966,82,1,17,10.2.0.1,61739
daddr,dport,last,nbytes,npkts,proto,saddr,sport
10.2.0.2,22,2012-04-25 18:02:16.934,840386,573,6,10.2.0.1,1123
10.2.0.1,1123,2012-04-25 18:02:16.934,21700,330,6,10.2.0.2,22
10.2.0.1,1099,2012-04-25 18:02:17.935,102,1,6,10.2.0.2,22
10.2.0.2,22,2012-04-25 18:02:17.935,134,1,6,10.2.0.1,1099
10.2.0.2,53,2012-04-25 18:02:18.937,79,1,17,10.2.0.1,57744
10.2.0.1,1099,2012-04-25 18:02:18.937,488,4,6,10.2.0.2,22
10.2.0.2,22,2012-04-25 18:02:18.937,430,5,6,10.2.0.1,1099
10.2.0.1,57744,2012-04-25 18:02:18.938,79,1,17,10.2.0.2,53
10.2.0.1,56699,2012-04-25 18:02:19.939,75,1,17,10.2.0.2,53
10.2.0.1,1099,2012-04-25 18:02:19.939,7232,16,6,10.2.0.2,22
10.2.0.2,22,2012-04-25 18:02:19.94,968,12,6,10.2.0.1,1099
10.2.0.2,53,2012-04-25 18:02:19.94,75,1,17,10.2.0.1,56699
10.2.0.1,1099,2012-04-25 18:02:20.941,9282,11,6,10.2.0.2,22
10.2.0.2,22,2012-04-25 18:02:20.941,806,9,6,10.2.0.1,1099
10.2.0.1,1099,2012-04-25 18:02:21.943,14592,16,6,10.2.0.2,22
10.2.0.2,22,2012-04-25 18:02:21.943,1022,13,6,10.2.0.1,1099
10.2.0.1,1518,2012-04-25 18:02:26.947,120,2,6,10.2.0.2,8080
10.2.0.2,8080,2012-04-25 18:02:26.947,657,3,6,10.2.0.1,1518
10.2.0.1,53426,2012-04-25 18:02:26.947,104,1,17,10.2.0.2,53
10.2.0.2,53,2012-04-25 18:02:26.947,104,1,17,10.2.0.1,53426
10.2.0.1,1099,2012-04-25 18:02:28.949,578,3,6,10.2.0.2,22
10.2.0.2,22,2012-04-25 18:02:28.95,268,2,6,10.2.0.1,1099
10.2.0.1,1099,2012-04-25 18:02:29.951,220,2,6,10.2.0.2,22
10.2.0.2,22,2012-04-25 18:02:29.951,188,2,6,10.2.0.1,1099
10.2.0.1,1518,2012-04-25 18:02:29.951,9099,5,6,10.2.0.2,8080
10.2.0.2,8080,2012-04-25 18:02:29.951,548,4,6,10.2.0.1,1518
10.2.0.1,1099,2012-04-25 18:02:30.953,364,2,6,10.2.0.2,22
10.2.0.2,22,2012-04-25 18:02:30.953,376,4,6,10.2.0.1,1099
10.2.0.1,1099,2012-04-25 18:02:31.955,9858,11,6,10.2.0.2,22
10.2.0.2,22,2012-04-25 18:02:31.955,618,7,6,10.2.0.1,1099
10.2.0.2,53,2012-04-25 18:02:34.958,88,1,17,10.2.0.1,52428
10.2.0.1,52428,2012-04-25 18:02:34.958,88,1,17,10.2.0.2,53
10.2.0.1,56461,2012-04-25 18:02:40.963,146,1,17,10.2.0.2,53
10.2.0.2,53,2012-04-25 18:02:40.963,146,1,17,10.2.0.1,56461
10.2.0.1,1518,2012-04-25 18:02:49.97,54,1,6,10.2.0.2,8080
10.2.0.2,8080,2012-04-25 18:02:49.97,54,1,6,10.2.0.1,1518
10.2.0.2,53,2012-04-25 18:02:50.972,82,1,17,10.2.0.1,56264
10.2.0.1,56264,2012-04-25 18:02:50.972,82,1,17,10.2.0.2,53
10.2.0.1,1518,2012-04-25 18:02:57.978,54,1,6,10.2.0.2,8080
10.2.0.2,8080,2012-04-25 18:02:57.978,54,1,6,10.2.0.1,1518
10.2.0.2,53,2012-04-25 18:03:03.983,75,1,17,10.2.0.1,56453
10.2.0.2,53,2012-04-25 18:03:03.983,79,1,17,10.2.0.1,50076
10.2.0.1,50076,2012-04-25 18:03:03.983,79,1,17,10.2.0.2,53
10.2.0.1,56453,2012-04-25 18:03:03.983,75,1,17,10.2.0.2,53
10.2.0.1,55771,2012-04-25 18:03:31.004,88,1,17,10.2.0.2,53
10.2.0.2,53,2012-04-25 18:03:31.004,88,1,17,10.2.0.1,55771
10.2.0.2,53,2012-04-25 18:03:45.015,82,1,17,10.2.0.1,57681
10.2.0.1,57681,2012-04-25 18:03:45.015,82,1,17,10.2.0.2,53
10.2.0.2,22,2012-04-25 18:03:49.018,316,2,6,10.2.0.1,1123
10.2.0.1,1123,2012-04-25 18:03:49.019,268,2,6,10.2.0.2,22
10.2.0.2,22,2012-04-25 18:03:50.02,940520,636,6,10.2.0.1,1123
10.2.0.1,1123,2012-04-25 18:03:50.021,20594,339,6,10.2.0.2,22
10.2.0.2,22,2012-04-25 18:03:51.023,1675166,1129,6,10.2.0.1,1123
10.2.0.1,1123,2012-04-25 18:03:51.023,36634,607,6,10.2.0.2,22
10.2.0.2,22,2012-04-25 18:03:52.025,1136902,767,6,10.2.0.1,1123
10.2.0.1,1099,2012-04-25 18:03:53.026,418,3,6,10.2.0.2,22
10.2.0.2,22,2012-04-25 18:03:53.026,176674,117,6,10.2.0.1,1123
10.2.0.1,1123,2012-04-25 18:03:53.026,4242,69,6,10.2.0.2,22
10.2.0.2,22,2012-04-25 18:03:53.026,322,3,6,10.2.0.1,1099
10.2.0.1,1099,2012-04-25 18:03:54.028,230,1,6,10.2.0.2,22
10.2.0.2,22,2012-04-25 18:03:54.028,225122,149,6,10.2.0.1,1123
10.2.0.1,1123,2012-04-25 18:03:54.028,5080,84,6,10.2.0.2,22
10.2.0.2,22,2012-04-25 18:03:54.029,54,1,6,10.2.0.1,1099
10.2.0.2,22,2012-04-25 18:03:55.03,1118364,746,6,10.2.0.1,1123
10.2.0.1,1123,2012-04-25 18:03:55.031,27748,456,6,10.2.0.2,22
10.2.0.2,53,2012-04-25 18:03:56.033,91,1,17,10.2.0.1,55861
10.2.0.2,22,2012-04-25 18:03:56.034,1340242,889,6,10.2.0.1,1123
10.2.0.1,1123,2012-04-25 18:03:56.034,34126,553,6,10.2.0.2,22
10.2.0.1,55861,2012-04-25 18:03:56.034,91,1,17,10.2.0.2,53
10.2.0.2,22,2012-04-25 18:03:57.036,672554,449,6,10.2.0.1,1123
10.2.0.1,1123,2012-04-25 18:03:57.036,16022,263,6,10.2.0.2,22
10.2.0.2,22,2012-04-25 18:03:58.037,1006344,668,6,10.2.0.1,1123
10.2.0.1,1123,2012-04-25 18:03:58.038,24062,393,6,10.2.0.2,22
10.2.0.2,53,2012-04-25 18:03:59.039,79,1,17,10.2.0.1,49805
10.2.0.1,49805,2012-04-25 18:03:59.039,79,1,17,10.2.0.2,53
10.2.0.2,22,2012-04-25 18:03:59.039,556162,369,6,10.2.0.1,1123
10.2.0.1,1123,2012-04-25 18:03:59.039,14720,238,6,10.2.0.2,22
10.2.0.2,53,2012-04-25 18:03:59.039,75,1,17,10.2.0.1,57862
10.2.0.1,57862,2012-04-25 18:03:59.039,75,1,17,10.2.0.2,53
10.2.0.1,1099,2012-04-25 18:04:00.041,472,4,6,10.2.0.2,22
10.2.0.2,22,2012-04-25 18:04:00.041,1514,1,6,10.2.0.1,1123
10.2.0.1,1123,2012-04-25 18:04:00.041,54,1,6,10.2.0.2,22
10.2.0.2,22,2012-04-25 18:04:00.041,510,5,6,10.2.0.1,1099
10.2.0.1,1099,2012-04-25 18:04:01.043,118,1,6,10.2.0.2,22
10.2.0.2,22,2012-04-25 18:04:01.043,3028,2,6,10.2.0.1,1123
10.2.0.1,1123,2012-04-25 18:04:01.044,108,2,6,10.2.0.2,22
10.2.0.2,22,2012-04-25 18:04:01.044,54,1,6,10.2.0.1,1099
10.2.0.2,22,2012-04-25 18:04:04.047,426020,282,6,10.2.0.1,1123
10.2.0.1,1123,2012-04-25 18:04:04.047,10636,172,6,10.2.0.2,22
10.2.0.2,22,2012-04-25 18:04:05.048,78666,53,6,10.2.0.1,1123
10.2.0.1,1123,2012-04-25 18:04:05.048,3108,48,6,10.2.0.2,22
10.2.0.1,1099,2012-04-25 18:04:06.05,150,1,6,10.2.0.2,22
10.2.0.2,22,2012-04-25 18:04:06.05,28924,26,6,10.2.0.1,1123
10.2.0.1,1123,2012-04-25 18:04:06.05,3112,26,6,10.2.0.2,22
10.2.0.2,22,2012-04-25 18:04:06.05,134,1,6,10.2.0.1,1099
10.2.0.1,1099,2012-04-25 18:04:07.052,370,3,6,10.2.0.2,22
10.2.0.2,22,2012-04-25 18:04:07.052,376,4,6,10.2.0.1,1099
10.2.0.1,1099,2012-04-25 18:04:08.054,584,4,6,10.2.0.2,22
10.2.0.2,22,2012-04-25 18:04:08.054,564,6,6,10.2.0.1,1099
10.2.0.1,1099,2012-04-25 18:04:09.055,16266,15,6,10.2.0.2,22
10.2.0.1,55880,2012-04-25 18:18:33.804,82,1,17,10.2.0.2,53
10.2.0.2,53,2012-04-25 18:18:33.804,82,1,17,10.2.0.1,55880
10.2.0.2,53,2012-04-25 18:18:47.815,75,1,17,10.2.0.1,57420
10.2.0.1,57420,2012-04-25 18:18:47.815,75,1,17,10.2.0.2,53
10.2.0.2,53,2012-04-25 18:18:47.815,79,1,17,10.2.0.1,64305
10.2.0.1,64305,2012-04-25 18:18:47.816,79,1,17,10.2.0.2,53
10.2.0.2,53,2012-04-25 18:18:58.825,73,1,17,10.2.0.1,56305
10.2.0.1,56305,2012-04-25 18:18:58.825,73,1,17,10.2.0.2,53
10.2.0.2,53,2012-04-25 18:19:00.827,75,1,17,10.2.0.1,49564
10.2.0.1,49564,2012-04-25 18:19:00.827,75,1,17,10.2.0.2,53
10.2.0.2,53,2012-04-25 18:19:01.829,75,1,17,10.2.0.1,54867
10.2.0.2,53,2012-04-25 18:19:01.829,74,1,17,10.2.0.1,58043
10.2.0.2,53,2012-04-25 18:19:01.829,74,1,17,10.2.0.1,64306
10.2.0.1,54867,2012-04-25 18:19:01.829,75,1,17,10.2.0.2,53
10.2.0.1,61955,2012-04-25 18:19:01.83,77,1,17,10.2.0.2,53
10.2.0.1,64306,2012-04-25 18:19:01.83,74,1,17,10.2.0.2,53
10.2.0.1,58043,2012-04-25 18:19:01.83,74,1,17,10.2.0.2,53
10.2.0.2,53,2012-04-25 18:19:01.83,77,1,17,10.2.0.1,61955
10.2.0.1,53921,2012-04-25 18:19:02.832,88,1,17,10.2.0.2,53
10.2.0.2,53,2012-04-25 18:19:02.832,88,1,17,10.2.0.1,53921
10.2.0.2,53,2012-04-25 18:19:16.843,82,1,17,10.2.0.1,64307
10.2.0.1,64307,2012-04-25 18:19:16.843,82,1,17,10.2.0.2,53
10.2.0.2,53,2012-04-25 18:19:24.849,77,1,17,10.2.0.1,57141
10.2.0.1,57141,2012-04-25 18:19:24.849,77,1,17,10.2.0.2,53
10.2.0.1,60563,2012-04-25 18:19:26.852,75,1,17,10.2.0.2,53
10.2.0.2,53,2012-04-25 18:19:26.852,75,1,17,10.2.0.1,60563
10.2.0.1,58080,2012-04-25 18:19:26.852,89,1,17,10.2.0.2,53
10.2.0.2,53,2012-04-25 18:19:26.852,89,1,17,10.2.0.1,58080
10.2.0.1,53306,2012-04-25 18:19:27.854,78,1,17,10.2.0.2,53
10.2.0.2,53,2012-04-25 18:19:27.854,76,1,17,10.2.0.1,59267
10.2.0.2,53,2012-04-25 18:19:27.854,78,1,17,10.2.0.1,53306
10.2.0.1,59267,2012-04-25 18:19:27.854,76,1,17,10.2.0.2,53
10.2.0.1,60186,2012-04-25 18:19:28.856,87,1,17,10.2.0.2,53
10.2.0.1,56083,2012-04-25 18:19:28.856,77,1,17,10.2.0.2,53
10.2.0.2,53,2012-04-25 18:19:28.856,78,1,17,10.2.0.1,58280
10.2.0.2,53,2012-04-25 18:19:28.856,87,1,17,10.2.0.1,60186
10.2.0.2,53,2012-04-25 18:19:28.856,77,1,17,10.2.0.1,56083
10.2.0.1,53165,2012-04-25 18:19:28.856,78,1,17,10.2.0.2,53
10.2.0.1,58280,2012-04-25 18:19:28.856,78,1,17,10.2.0.2,53
10.2.0.2,53,2012-04-25 18:19:28.856,78,1,17,10.2.0.1,53165
10.2.0.1,51831,2012-04-25 18:19:29.858,73,1,17,10.2.0.2,53
10.2.0.2,53,2012-04-25 18:19:29.858,78,1,17,10.2.0.1,61581
10.2.0.1,64308,2012-04-25 18:19:29.858,71,1,17,10.2.0.2,53
10.2.0.2,53,2012-04-25 18:19:29.859,73,1,17,10.2.0.1,51831
10.2.0.2,53,2012-04-25 18:19:29.859,80,1,17,10.2.0.1,53439
10.2.0.1,61581,2012-04-25 18:19:29.859,78,1,17,10.2.0.2,53
10.2.0.2,53,2012-04-25 18:19:29.859,78,1,17,10.2.0.1,52574
10.2.0.1,52574,2012-04-25 18:19:29.859,78,1,17,10.2.0.2,53
10.2.0.1,53439,2012-04-25 18:19:29.859,80,1,17,10.2.0.2,53
10.2.0.2,53,2012-04-25 18:19:29.859,71,1,17,10.2.0.1,64308
10.2.0.2,53,2012-04-25 18:19:30.861,79,1,17,10.2.0.1,60280
10.2.0.1,53920,2012-04-25 18:19:30.861,77,1,17,10.2.0.2,53
10.2.0.2,53,2012-04-25 18:19:30.861,75,1,17,10.2.0.1,51149
10.2.0.2,53,2012-04-25 18:19:30.861,79,1,17,10.2.0.1,57491
10.2.0.1,60280,2012-04-25 18:19:30.862,79,1,17,10.2.0.2,53
10.2.0.1,57491,2012-04-25 18:19:30.862,79,1,17,10.2.0.2,53
10.2.0.1,51149,2012-04-25 18:19:30.862,75,1,17,10.2.0.2,53
10.2.0.2,53,2012-04-25 18:19:30.862,77,1,17,10.2.0.1,53920
10.2.0.2,53,2012-04-25 18:19:31.864,85,1,17,10.2.0.1,56732
10.2.0.1,54279,2012-04-25 18:19:31.864,80,1,17,10.2.0.2,53
10.2.0.1,56732,2012-04-25 18:19:31.864,85,1,17,10.2.0.2,53
10.2.0.2,53,2012-04-25 18:19:31.864,80,1,17,10.2.0.1,54279
10.2.0.1,57498,2012-04-25 18:19:48.877,90,1,17,10.2.0.2,53
10.2.0.2,53,2012-04-25 18:19:48.878,90,1,17,10.2.0.1,57498
10.2.0.1,53515,2012-04-25 18:19:56.884,88,1,17,10.2.0.2,53
10.2.0.2,53,2012-04-25 18:19:56.885,88,1,17,10.2.0.1,53515
10.2.0.1,59368,2012-04-25 18:20:00.888,90,1,17,10.2.0.2,53
10.2.0.2,53,2012-04-25 18:20:00.889,90,1,17,10.2.0.1,59368
10.2.0.1,55692,2012-04-25 18:20:02.891,84,1,17,10.2.0.2,53
10.2.0.2,53,2012-04-25 18:20:02.891,84,1,17,10.2.0.1,55692
10.2.0.2,53,2012-04-25 18:20:06.895,81,1,17,10.2.0.1,61618
10.2.0.1,61618,2012-04-25 18:20:06.895,81,1,17,10.2.0.2,53
10.2.0.1,60999,2012-04-25 18:20:10.899,82,1,17,10.2.0.2,53
10.2.0.2,53,2012-04-25 18:20:10.899,82,1,17,10.2.0.1,60999
10.2.0.1,50439,2012-04-25 18:20:14.903,84,1,17,10.2.0.2,53
10.2.0.2,53,2012-04-25 18:20:14.903,84,1,17,10.2.0.1,50439
10.2.0.1,50264,2012-04-25 18:20:18.907,81,1,17,10.2.0.2,53
10.2.0.2,53,2012-04-25 18:20:18.907,81,1,17,10.2.0.1,50264
10.2.0.2,53,2012-04-25 18:20:24.912,79,1,17,10.2.0.1,56415
10.2.0.1,56415,2012-04-25 18:20:24.912,79,1,17,10.2.0.2,53
10.2.0.1,56096,2012-04-25 18:20:25.914,75,1,17,10.2.0.2,53
10.2.0.2,53,2012-04-25 18:20:25.914,75,1,17,10.2.0.1,56096
10.2.0.2,53,2012-04-25 18:20:41.927,88,1,17,10.2.0.1,57976
10.2.0.1,57976,2012-04-25 18:20:41.927,88,1,17,10.2.0.2,53
10.2.0.1,61336,2012-04-25 18:20:55.938,82,1,17,10.2.0.2,53
10.2.0.2,53,2012-04-25 18:20:55.938,82,1,17,10.2.0.1,61336
10.2.0.2,53,2012-04-25 18:21:09.949,79,1,17,10.2.0.1,53509
10.2.0.2,53,2012-04-25 18:21:09.949,75,1,17,10.2.0.1,50036
10.2.0.1,50036,2012-04-25 18:21:09.949,75,1,17,10.2.0.2,53
10.2.0.1,53509,2012-04-25 18:21:09.949,79,1,17,10.2.0.2,53
10.2.0.2,53,2012-04-25 18:21:16.957,104,1,17,10.2.0.1,59187
10.2.0.1,59187,2012-04-25 18:21:16.957,104,1,17,10.2.0.2,53
10.2.0.2,53,2012-04-25 18:21:30.968,146,1,17,10.2.0.1,55245
10.2.0.1,55245,2012-04-25 18:21:30.968,146,1,17,10.2.0.2,53
10.2.0.2,53,2012-04-25 18:21:37.974,88,1,17,10.2.0.1,54825
10.2.0.1,54825,2012-04-25 18:21:37.974,88,1,17,10.2.0.2,53
10.2.0.2,53,2012-04-25 18:21:46.982,89,1,17,10.2.0.1,61948
10.2.0.1,61948,2012-04-25 18:21:46.982,89,1,17,10.2.0.2,53
10.2.0.2,53,2012-04-25 18:21:46.982,91,1,17,10.2.0.1,53287
10.2.0.1,53287,2012-04-25 18:21:46.982,91,1,17,10.2.0.2,53
daddr,dport,last,nbytes,npkts,proto,saddr,sport
10.2.0.2,22,2012-04-25 18:02:16.934,840386,573,6,10.2.0.1,1123
10.2.0.1,1123,2012-04-25 18:02:16.934,21700,330,6,10.2.0.2,22
10.2.0.1,1099,2012-04-25 18:02:17.935,102,1,6,10.2.0.2,22
10.2.0.2,22,2012-04-25 18:02:17.935,134,1,6,10.2.0.1,1099
10.2.0.2,53,2012-04-25 18:02:18.937,79,1,17,10.2.0.1,57744
10.2.0.1,1099,2012-04-25 18:02:18.937,488,4,6,10.2.0.2,22
10.2.0.2,22,2012-04-25 18:02:18.937,430,5,6,10.2.0.1,1099
10.2.0.1,57744,2012-04-25 18:02:18.938,79,1,17,10.2.0.2,53
10.2.0.1,56699,2012-04-25 18:02:19.939,75,1,17,10.2.0.2,53
10.2.0.1,1099,2012-04-25 18:02:19.939,7232,16,6,10.2.0.2,22
10.2.0.2,22,2012-04-25 18:02:19.94,968,12,6,10.2.0.1,1099
10.2.0.2,53,2012-04-25 18:02:19.94,75,1,17,10.2.0.1,56699
10.2.0.1,1099,2012-04-25 18:02:20.941,9282,11,6,10.2.0.2,22
10.2.0.2,22,2012-04-25 18:02:20.941,806,9,6,10.2.0.1,1099
10.2.0.1,1099,2012-04-25 18:02:21.943,14592,16,6,10.2.0.2,22
10.2.0.2,22,2012-04-25 18:02:21.943,1022,13,6,10.2.0.1,1099
10.2.0.1,1518,2012-04-25 18:02:26.947,120,2,6,10.2.0.2,8080
10.2.0.2,8080,2012-04-25 18:02:26.947,657,3,6,10.2.0.1,1518
10.2.0.1,53426,2012-04-25 18:02:26.947,104,1,17,10.2.0.2,53
10.2.0.2,53,2012-04-25 18:02:26.947,104,1,17,10.2.0.1,53426
10.2.0.1,1099,2012-04-25 18:02:28.949,578,3,6,10.2.0.2,22
10.2.0.2,22,2012-04-25 18:02:28.95,268,2,6,10.2.0.1,1099
10.2.0.1,1099,2012-04-25 18:02:29.951,220,2,6,10.2.0.2,22
10.2.0.2,22,2012-04-25 18:02:29.951,188,2,6,10.2.0.1,1099
10.2.0.1,1518,2012-04-25 18:02:29.951,9099,5,6,10.2.0.2,8080
10.2.0.2,8080,2012-04-25 18:02:29.951,548,4,6,10.2.0.1,1518
10.2.0.1,1099,2012-04-25 18:02:30.953,364,2,6,10.2.0.2,22
10.2.0.2,22,2012-04-25 18:02:30.953,376,4,6,10.2.0.1,1099
10.2.0.1,1099,2012-04-25 18:02:31.955,9858,11,6,10.2.0.2,22
10.2.0.2,22,2012-04-25 18:02:31.955,618,7,6,10.2.0.1,1099
10.2.0.2,53,2012-04-25 18:02:34.958,88,1,17,10.2.0.1,52428
10.2.0.1,52428,2012-04-25 18:02:34.958,88,1,17,10.2.0.2,53
10.2.0.1,56461,2012-04-25 18:02:40.963,146,1,17,10.2.0.2,53
10.2.0.2,53,2012-04-25 18:02:40.963,146,1,17,10.2.0.1,56461
10.2.0.1,1518,2012-04-25 18:02:49.97,54,1,6,10.2.0.2,8080
10.2.0.2,8080,2012-04-25 18:02:49.97,54,1,6,10.2.0.1,1518
10.2.0.2,53,2012-04-25 18:02:50.972,82,1,17,10.2.0.1,56264
10.2.0.1,56264,2012-04-25 18:02:50.972,82,1,17,10.2.0.2,53
10.2.0.1,1518,2012-04-25 18:02:57.978,54,1,6,10.2.0.2,8080
10.2.0.2,8080,2012-04-25 18:02:57.978,54,1,6,10.2.0.1,1518
10.2.0.2,53,2012-04-25 18:03:03.983,75,1,17,10.2.0.1,56453
10.2.0.2,53,2012-04-25 18:03:03.983,79,1,17,10.2.0.1,50076
10.2.0.1,50076,2012-04-25 18:03:03.983,79,1,17,10.2.0.2,53
10.2.0.1,56453,2012-04-25 18:03:03.983,75,1,17,10.2.0.2,53
10.2.0.1,55771,2012-04-25 18:03:31.004,88,1,17,10.2.0.2,53
10.2.0.2,53,2012-04-25 18:03:31.004,88,1,17,10.2.0.1,55771
10.2.0.2,53,2012-04-25 18:03:45.015,82,1,17,10.2.0.1,57681
10.2.0.1,57681,2012-04-25 18:03:45.015,82,1,17,10.2.0.2,53
10.2.0.2,22,2012-04-25 18:03:49.018,316,2,6,10.2.0.1,1123
10.2.0.1,1123,2012-04-25 18:03:49.019,268,2,6,10.2.0.2,22
10.2.0.2,22,2012-04-25 18:03:50.02,940520,636,6,10.2.0.1,1123
10.2.0.1,1123,2012-04-25 18:03:50.021,20594,339,6,10.2.0.2,22
10.2.0.2,22,2012-04-25 18:03:51.023,1675166,1129,6,10.2.0.1,1123
10.2.0.1,1123,2012-04-25 18:03:51.023,36634,607,6,10.2.0.2,22
10.2.0.2,22,2012-04-25 18:03:52.025,1136902,767,6,10.2.0.1,1123
10.2.0.1,1099,2012-04-25 18:03:53.026,418,3,6,10.2.0.2,22
10.2.0.2,22,2012-04-25 18:03:53.026,176674,117,6,10.2.0.1,1123
10.2.0.1,1123,2012-04-25 18:03:53.026,4242,69,6,10.2.0.2,22
10.2.0.2,22,2012-04-25 18:03:53.026,322,3,6,10.2.0.1,1099
10.2.0.1,1099,2012-04-25 18:03:54.028,230,1,6,10.2.0.2,22
10.2.0.2,22,2012-04-25 18:03:54.028,225122,149,6,10.2.0.1,1123
10.2.0.1,1123,2012-04-25 18:03:54.028,5080,84,6,10.2.0.2,22
10.2.0.2,22,2012-04-25 18:03:54.029,54,1,6,10.2.0.1,1099
10.2.0.2,22,2012-04-25 18:03:55.03,1118364,746,6,10.2.0.1,1123
10.2.0.1,1123,2012-04-25 18:03:55.031,27748,456,6,10.2.0.2,22
10.2.0.2,53,2012-04-25 18:03:56.033,91,1,17,10.2.0.1,55861
10.2.0.2,22,2012-04-25 18:03:56.034,1340242,889,6,10.2.0.1,1123
10.2.0.1,1123,2012-04-25 18:03:56.034,34126,553,6,10.2.0.2,22
10.2.0.1,55861,2012-04-25 18:03:56.034,91,1,17,10.2.0.2,53
10.2.0.2,22,2012-04-25 18:03:57.036,672554,449,6,10.2.0.1,1123
10.2.0.1,1123,2012-04-25 18:03:57.036,16022,263,6,10.2.0.2,22
10.2.0.2,22,2012-04-25 18:03:58.037,1006344,668,6,10.2.0.1,1123
10.2.0.1,1123,2012-04-25 18:03:58.038,24062,393,6,10.2.0.2,22
10.2.0.2,53,2012-04-25 18:03:59.039,79,1,17,10.2.0.1,49805
10.2.0.1,49805,2012-04-25 18:03:59.039,79,1,17,10.2.0.2,53
10.2.0.2,22,2012-04-25 18:03:59.039,556162,369,6,10.2.0.1,1123
10.2.0.1,1123,2012-04-25 18:03:59.039,14720,238,6,10.2.0.2,22
10.2.0.2,53,2012-04-25 18:03:59.039,75,1,17,10.2.0.1,57862
10.2.0.1,57862,2012-04-25 18:03:59.039,75,1,17,10.2.0.2,53
10.2.0.1,1099,2012-04-25 18:04:00.041,472,4,6,10.2.0.2,22
10.2.0.2,22,2012-04-25 18:04:00.041,1514,1,6,10.2.0.1,1123
10.2.0.1,1123,2012-04-25 18:04:00.041,54,1,6,10.2.0.2,22
10.2.0.2,22,2012-04-25 18:04:00.041,510,5,6,10.2.0.1,1099
10.2.0.1,1099,2012-04-25 18:04:01.043,118,1,6,10.2.0.2,22
10.2.0.2,22,2012-04-25 18:04:01.043,3028,2,6,10.2.0.1,1123
10.2.0.1,1123,2012-04-25 18:04:01.044,108,2,6,10.2.0.2,22
10.2.0.2,22,2012-04-25 18:04:01.044,54,1,6,10.2.0.1,1099
10.2.0.2,22,2012-04-25 18:04:04.047,426020,282,6,10.2.0.1,1123
10.2.0.1,1123,2012-04-25 18:04:04.047,10636,172,6,10.2.0.2,22
10.2.0.2,22,2012-04-25 18:04:05.048,78666,53,6,10.2.0.1,1123
10.2.0.1,1123,2012-04-25 18:04:05.048,3108,48,6,10.2.0.2,22
10.2.0.1,1099,2012-04-25 18:04:06.05,150,1,6,10.2.0.2,22
10.2.0.2,22,2012-04-25 18:04:06.05,28924,26,6,10.2.0.1,1123
10.2.0.1,1123,2012-04-25 18:04:06.05,3112,26,6,10.2.0.2,22
10.2.0.2,22,2012-04-25 18:04:06.05,134,1,6,10.2.0.1,1099
10.2.0.1,1099,2012-04-25 18:04:07.052,370,3,6,10.2.0.2,22
10.2.0.2,22,2012-04-25 18:04:07.052,376,4,6,10.2.0.1,1099
10.2.0.1,1099,2012-04-25 18:04:08.054,584,4,6,10.2.0.2,22
10.2.0.2,22,2012-04-25 18:04:08.054,564,6,6,10.2.0.1,1099
10.2.0.1,1099,2012-04-25 18:04:09.055,16266,15,6,10.2.0.2,22
10.2.0.1,61739,2012-04-25 18:34:13.966,82,1,17,10.2.0.2,53
10.2.0.1,50934,2012-04-25 18:34:27.977,75,1,17,10.2.0.2,53
10.2.0.1,54367,2012-04-25 18:34:27.978,79,1,17,10.2.0.2,53
10.2.0.2,53,2012-04-25 18:34:27.978,79,1,17,10.2.0.1,54367
10.2.0.2,53,2012-04-25 18:34:27.978,75,1,17,10.2.0.1,50934
10.2.0.2,53,2012-04-25 18:34:54.999,88,1,17,10.2.0.1,64329
10.2.0.1,64329,2012-04-25 18:34:54.999,88,1,17,10.2.0.2,53
10.2.0.2,53,2012-04-25 18:35:09.013,82,1,17,10.2.0.1,59135
10.2.0.1,59135,2012-04-25 18:35:09.013,82,1,17,10.2.0.2,53
10.2.0.2,53,2012-04-25 18:35:23.024,79,1,17,10.2.0.1,58012
10.2.0.1,58012,2012-04-25 18:35:23.025,79,1,17,10.2.0.2,53
10.2.0.2,53,2012-04-25 18:35:23.025,75,1,17,10.2.0.1,59412
10.2.0.1,59412,2012-04-25 18:35:23.025,75,1,17,10.2.0.2,53
10.2.0.1,53644,2012-04-25 18:35:33.033,90,1,17,10.2.0.2,53
10.2.0.2,53,2012-04-25 18:35:33.033,90,1,17,10.2.0.1,53644
10.2.0.2,53,2012-04-25 18:35:38.038,88,1,17,10.2.0.1,55667
10.2.0.1,55667,2012-04-25 18:35:38.038,88,1,17,10.2.0.2,53
10.2.0.1,51490,2012-04-25 18:35:52.049,82,1,17,10.2.0.2,53
10.2.0.2,53,2012-04-25 18:35:52.049,82,1,17,10.2.0.1,51490
10.2.0.1,51147,2012-04-25 18:36:06.059,79,1,17,10.2.0.2,53
10.2.0.1,59168,2012-04-25 18:36:06.06,75,1,17,10.2.0.2,53
10.2.0.2,53,2012-04-25 18:36:06.06,75,1,17,10.2.0.1,59168
10.2.0.2,53,2012-04-25 18:36:06.06,79,1,17,10.2.0.1,51147
10.2.0.2,53,2012-04-25 18:36:33.08,88,1,17,10.2.0.1,64330
10.2.0.1,64330,2012-04-25 18:36:33.08,88,1,17,10.2.0.2,53
10.2.0.1,61328,2012-04-25 18:36:47.091,82,1,17,10.2.0.2,53
10.2.0.2,53,2012-04-25 18:36:47.091,82,1,17,10.2.0.1,61328
10.2.0.1,50685,2012-04-25 18:37:01.101,79,1,17,10.2.0.2,53
10.2.0.2,53,2012-04-25 18:37:01.101,75,1,17,10.2.0.1,49376
10.2.0.1,49376,2012-04-25 18:37:01.101,75,1,17,10.2.0.2,53
10.2.0.2,53,2012-04-25 18:37:01.101,79,1,17,10.2.0.1,50685
10.2.0.2,53,2012-04-25 18:37:17.114,88,1,17,10.2.0.1,50483
10.2.0.1,50483,2012-04-25 18:37:17.114,88,1,17,10.2.0.2,53
10.2.0.2,53,2012-04-25 18:37:31.125,82,1,17,10.2.0.1,59155
10.2.0.1,59155,2012-04-25 18:37:31.125,82,1,17,10.2.0.2,53
10.2.0.1,60328,2012-04-25 18:37:45.136,79,1,17,10.2.0.2,53
10.2.0.2,53,2012-04-25 18:37:45.137,79,1,17,10.2.0.1,60328
10.2.0.2,53,2012-04-25 18:37:45.137,75,1,17,10.2.0.1,52835
10.2.0.1,52835,2012-04-25 18:37:45.137,75,1,17,10.2.0.2,53
10.2.0.1,64723,2012-04-25 18:38:13.158,88,1,17,10.2.0.2,53
10.2.0.2,53,2012-04-25 18:38:13.158,88,1,17,10.2.0.1,64723
10.2.0.1,60232,2012-04-25 18:38:27.168,82,1,17,10.2.0.2,53
10.2.0.2,53,2012-04-25 18:38:27.169,82,1,17,10.2.0.1,60232
10.2.0.2,53,2012-04-25 18:38:41.179,79,1,17,10.2.0.1,64331
10.2.0.2,53,2012-04-25 18:38:41.179,75,1,17,10.2.0.1,59956
10.2.0.1,59956,2012-04-25 18:38:41.179,75,1,17,10.2.0.2,53
10.2.0.1,64331,2012-04-25 18:38:41.18,79,1,17,10.2.0.2,53
10.2.0.2,53,2012-04-25 18:38:56.191,88,1,17,10.2.0.1,56836
10.2.0.1,56836,2012-04-25 18:38:56.191,88,1,17,10.2.0.2,53
10.2.0.1,0,2012-04-25 18:39:05.199,47,1,1,10.2.0.2,0
10.2.0.2,0,2012-04-25 18:39:05.199,47,1,1,10.2.0.1,0
10.2.0.1,0,2012-04-25 18:39:07.201,47,1,1,10.2.0.2,0
10.2.0.2,0,2012-04-25 18:39:07.201,47,1,1,10.2.0.1,0
10.2.0.1,51489,2012-04-25 18:39:10.204,82,1,17,10.2.0.2,53
10.2.0.2,53,2012-04-25 18:39:10.205,82,1,17,10.2.0.1,51489
10.2.0.1,54762,2012-04-25 18:39:24.216,75,1,17,10.2.0.2,53
10.2.0.1,55497,2012-04-25 18:39:24.216,79,1,17,10.2.0.2,53
10.2.0.2,53,2012-04-25 18:39:24.217,75,1,17,10.2.0.1,54762
10.2.0.2,53,2012-04-25 18:39:24.217,79,1,17,10.2.0.1,55497
10.2.0.2,53,2012-04-25 18:39:43.231,79,1,17,10.2.0.1,49803
10.2.0.1,49803,2012-04-25 18:39:43.232,79,1,17,10.2.0.2,53
10.2.0.1,61237,2012-04-25 18:39:50.238,88,1,17,10.2.0.2,53
10.2.0.2,53,2012-04-25 18:39:50.238,88,1,17,10.2.0.1,61237
10.2.0.2,53,2012-04-25 18:40:04.248,82,1,17,10.2.0.1,54283
10.2.0.1,54283,2012-04-25 18:40:04.249,82,1,17,10.2.0.2,53
10.2.0.2,53,2012-04-25 18:40:18.259,79,1,17,10.2.0.1,60309
10.2.0.1,60309,2012-04-25 18:40:18.259,79,1,17,10.2.0.2,53
10.2.0.1,64332,2012-04-25 18:40:18.259,75,1,17,10.2.0.2,53
10.2.0.2,53,2012-04-25 18:40:18.26,75,1,17,10.2.0.1,64332
10.2.0.1,53957,2012-04-25 18:40:33.271,88,1,17,10.2.0.2,53
10.2.0.2,53,2012-04-25 18:40:33.271,88,1,17,10.2.0.1,53957
10.2.0.2,53,2012-04-25 18:40:47.282,82,1,17,10.2.0.1,50348
10.2.0.1,50348,2012-04-25 18:40:47.282,82,1,17,10.2.0.2,53
10.2.0.1,51057,2012-04-25 18:41:01.293,79,1,17,10.2.0.2,53
10.2.0.1,64333,2012-04-25 18:41:01.293,75,1,17,10.2.0.2,53
10.2.0.2,53,2012-04-25 18:41:01.293,79,1,17,10.2.0.1,51057
10.2.0.2,53,2012-04-25 18:41:01.293,75,1,17,10.2.0.1,64333
10.2.0.1,49618,2012-04-25 18:41:28.313,88,1,17,10.2.0.2,53
10.2.0.2,53,2012-04-25 18:41:28.314,88,1,17,10.2.0.1,49618
10.2.0.2,53,2012-04-25 18:41:42.324,82,1,17,10.2.0.1,58097
10.2.0.1,58097,2012-04-25 18:41:42.324,82,1,17,10.2.0.2,53
10.2.0.2,53,2012-04-25 18:41:56.335,79,1,17,10.2.0.1,59091
10.2.0.2,53,2012-04-25 18:41:56.335,75,1,17,10.2.0.1,60335
10.2.0.1,60335,2012-04-25 18:41:56.336,75,1,17,10.2.0.2,53
10.2.0.1,59091,2012-04-25 18:41:56.336,79,1,17,10.2.0.2,53
10.2.0.2,53,2012-04-25 18:42:12.348,88,1,17,10.2.0.1,64334
10.2.0.1,64334,2012-04-25 18:42:12.349,88,1,17,10.2.0.2,53
10.2.0.1,65412,2012-04-25 18:42:26.36,82,1,17,10.2.0.2,53
10.2.0.2,53,2012-04-25 18:42:26.36,82,1,17,10.2.0.1,65412
10.2.0.1,55304,2012-04-25 18:42:40.371,79,1,17,10.2.0.2,53
10.2.0.2,53,2012-04-25 18:42:40.371,79,1,17,10.2.0.1,55304
10.2.0.1,60399,2012-04-25 18:42:40.371,75,1,17,10.2.0.2,53
10.2.0.2,53,2012-04-25 18:42:40.371,75,1,17,10.2.0.1,60399
10.2.0.2,53,2012-04-25 18:43:08.392,88,1,17,10.2.0.1,54130
10.2.0.1,54130,2012-04-25 18:43:08.392,88,1,17,10.2.0.2,53
10.2.0.2,53,2012-04-25 18:43:22.403,82,1,17,10.2.0.1,56318
10.2.0.1,56318,2012-04-25 18:43:22.403,82,1,17,10.2.0.2,53
10.2.0.2,53,2012-04-25 18:43:36.414,79,1,17,10.2.0.1,58189
10.2.0.1,50177,2012-04-25 18:43:36.414,75,1,17,10.2.0.2,53
10.2.0.1,58189,2012-04-25 18:43:36.414,79,1,17,10.2.0.2,53
10.2.0.2,22,2012-04-25 18:04:09.055,860,10,6,10.2.0.1,1099
10.2.0.2,8080,2012-04-25 18:04:13.059,657,3,6,10.2.0.1,1526
10.2.0.1,1526,2012-04-25 18:04:13.059,120,2,6,10.2.0.2,8080
10.2.0.2,53,2012-04-25 18:04:14.06,88,1,17,10.2.0.1,58691
10.2.0.1,58691,2012-04-25 18:04:14.06,88,1,17,10.2.0.2,53
10.2.0.1,1099,2012-04-25 18:04:15.062,188,2,6,10.2.0.2,22
10.2.0.2,22,2012-04-25 18:04:15.062,188,2,6,10.2.0.1,1099
10.2.0.1,1099,2012-04-25 18:04:16.064,9906,11,6,10.2.0.2,22
10.2.0.2,22,2012-04-25 18:04:16.064,672,8,6,10.2.0.1,1099
10.2.0.2,8080,2012-04-25 18:04:16.064,602,5,6,10.2.0.1,1526
10.2.0.1,1526,2012-04-25 18:04:16.064,9311,5,6,10.2.0.2,8080
10.2.0.1,50351,2012-04-25 18:04:28.074,82,1,17,10.2.0.2,53
10.2.0.2,8080,2012-04-25 18:04:36.081,54,1,6,10.2.0.1,1526
10.2.0.1,1526,2012-04-25 18:04:36.081,54,1,6,10.2.0.2,8080
10.2.0.2,8080,2012-04-25 18:04:38.083,54,1,6,10.2.0.1,1526
10.2.0.1,1526,2012-04-25 18:04:38.084,54,1,6,10.2.0.2,8080
10.2.0.1,56524,2012-04-25 18:04:42.088,79,1,17,10.2.0.2,53
10.2.0.2,53,2012-04-25 18:04:42.088,79,1,17,10.2.0.1,56524
10.2.0.2,53,2012-04-25 18:04:42.088,75,1,17,10.2.0.1,64407
10.2.0.1,64407,2012-04-25 18:04:42.088,75,1,17,10.2.0.2,53
10.2.0.2,53,2012-04-25 18:05:08.108,88,1,17,10.2.0.1,58439
10.2.0.1,58439,2012-04-25 18:05:08.108,88,1,17,10.2.0.2,53
10.2.0.2,22,2012-04-25 18:05:19.118,370,3,6,10.2.0.1,1123
10.2.0.1,1123,2012-04-25 18:05:19.118,402,3,6,10.2.0.2,22
10.2.0.2,22,2012-04-25 18:05:20.12,698188,466,6,10.2.0.1,1123
10.2.0.1,1123,2012-04-25 18:05:20.12,15514,255,6,10.2.0.2,22
10.2.0.2,22,2012-04-25 18:05:21.122,1679546,1129,6,10.2.0.1,1123
10.2.0.1,1123,2012-04-25 18:05:21.122,37662,621,6,10.2.0.2,22
10.2.0.2,53,2012-04-25 18:05:22.124,82,1,17,10.2.0.1,55342
10.2.0.1,55342,2012-04-25 18:05:22.124,82,1,17,10.2.0.2,53
10.2.0.2,22,2012-04-25 18:05:22.124,1768324,1180,6,10.2.0.1,1123
10.2.0.1,1123,2012-04-25 18:05:22.124,43734,709,6,10.2.0.2,22
10.2.0.1,1099,2012-04-25 18:05:23.126,188,2,6,10.2.0.2,22
10.2.0.2,22,2012-04-25 18:05:23.126,170672,114,6,10.2.0.1,1123
10.2.0.1,1123,2012-04-25 18:05:23.126,5990,97,6,10.2.0.2,22
10.2.0.2,22,2012-04-25 18:05:23.126,188,2,6,10.2.0.1,1099
10.2.0.1,1099,2012-04-25 18:05:24.128,230,1,6,10.2.0.2,22
10.2.0.2,22,2012-04-25 18:05:24.128,949098,631,6,10.2.0.1,1123
10.2.0.1,1123,2012-04-25 18:05:24.128,23830,387,6,10.2.0.2,22
10.2.0.2,22,2012-04-25 18:05:24.128,188,2,6,10.2.0.1,1099
10.2.0.2,22,2012-04-25 18:05:25.13,1092410,725,6,10.2.0.1,1123
10.2.0.1,1123,2012-04-25 18:05:25.13,29312,470,6,10.2.0.2,22
10.2.0.2,22,2012-04-25 18:05:26.132,1006452,670,6,10.2.0.1,1123
10.2.0.1,1123,2012-04-25 18:05:26.132,27690,435,6,10.2.0.2,22
10.2.0.2,22,2012-04-25 18:05:27.133,1530542,1015,6,10.2.0.1,1123
10.2.0.1,1123,2012-04-25 18:05:27.133,36456,594,6,10.2.0.2,22
10.2.0.2,22,2012-04-25 18:05:28.135,530828,362,6,10.2.0.1,1123
10.2.0.1,1123,2012-04-25 18:05:28.135,15688,228,6,10.2.0.2,22
10.2.0.1,1099,2012-04-25 18:05:29.136,472,4,6,10.2.0.2,22
10.2.0.2,22,2012-04-25 18:05:29.136,510,5,6,10.2.0.1,1099
10.2.0.1,1099,2012-04-25 18:05:30.138,482,3,6,10.2.0.2,22
10.2.0.2,22,2012-04-25 18:05:30.138,430,5,6,10.2.0.1,1099
10.2.0.1,1099,2012-04-25 18:05:31.14,10376,20,6,10.2.0.2,22
10.2.0.2,22,2012-04-25 18:05:31.14,834,11,6,10.2.0.1,1099
10.2.0.2,53,2012-04-25 18:05:36.144,75,1,17,10.2.0.1,60439
10.2.0.2,53,2012-04-25 18:05:36.144,79,1,17,10.2.0.1,57864
10.2.0.1,57864,2012-04-25 18:05:36.144,79,1,17,10.2.0.2,53
10.2.0.1,60439,2012-04-25 18:05:36.145,75,1,17,10.2.0.2,53
10.2.0.1,1099,2012-04-25 18:05:49.155,188,2,6,10.2.0.2,22
10.2.0.2,22,2012-04-25 18:05:49.155,134,1,6,10.2.0.1,1099
10.2.0.1,1099,2012-04-25 18:05:50.157,364,2,6,10.2.0.2,22
10.2.0.2,22,2012-04-25 18:05:50.157,188,2,6,10.2.0.1,1099
10.2.0.1,1099,2012-04-25 18:05:51.158,370,3,6,10.2.0.2,22
10.2.0.2,22,2012-04-25 18:05:51.159,376,4,6,10.2.0.1,1099
10.2.0.1,1099,2012-04-25 18:05:52.16,498,3,6,10.2.0.2,22
10.2.0.2,22,2012-04-25 18:05:52.16,564,6,6,10.2.0.1,1099
10.2.0.1,52166,2012-04-25 18:05:52.161,88,1,17,10.2.0.2,53
10.2.0.2,53,2012-04-25 18:05:52.161,88,1,17,10.2.0.1,52166
10.2.0.1,1099,2012-04-25 18:05:53.162,15132,26,6,10.2.0.2,22
10.2.0.2,22,2012-04-25 18:05:53.163,1184,16,6,10.2.0.1,1099
10.2.0.2,8080,2012-04-25 18:05:56.165,657,3,6,10.2.0.1,1529
10.2.0.1,1529,2012-04-25 18:05:56.166,120,2,6,10.2.0.2,8080
10.2.0.2,8080,2012-04-25 18:05:58.168,560,4,6,10.2.0.1,1530
10.2.0.2,8080,2012-04-25 18:05:58.168,108,2,6,10.2.0.1,1529
10.2.0.1,1099,2012-04-25 18:05:58.168,10434,11,6,10.2.0.2,22
10.2.0.2,22,2012-04-25 18:05:58.168,592,8,6,10.2.0.1,1099
10.2.0.1,1530,2012-04-25 18:05:58.169,1276,3,6,10.2.0.2,8080
10.2.0.1,1529,2012-04-25 18:05:58.169,1513,3,6,10.2.0.2,8080
10.2.0.1,1099,2012-04-25 18:05:59.17,5622,9,6,10.2.0.2,22
10.2.0.2,22,2012-04-25 18:05:59.17,564,6,6,10.2.0.1,1099
10.2.0.2,8080,2012-04-25 18:06:00.172,923,2,6,10.2.0.1,1530
10.2.0.1,1530,2012-04-25 18:06:00.172,2312,2,6,10.2.0.2,8080
10.2.0.2,8080,2012-04-25 18:06:01.173,1568,5,6,10.2.0.1,1530
10.2.0.1,1530,2012-04-25 18:06:01.173,3468,3,6,10.2.0.2,8080
10.2.0.2,8080,2012-04-25 18:06:02.175,1417,5,6,10.2.0.1,1530
10.2.0.1,1530,2012-04-25 18:06:02.175,3468,3,6,10.2.0.2,8080
10.2.0.2,8080,2012-04-25 18:06:03.176,537,1,6,10.2.0.1,1530
10.2.0.1,1530,2012-04-25 18:06:03.176,54,1,6,10.2.0.2,8080
10.2.0.1,1099,2012-04-25 18:06:04.177,188,2,6,10.2.0.2,22
10.2.0.2,22,2012-04-25 18:06:04.177,134,1,6,10.2.0.1,1099
10.2.0.1,1099,2012-04-25 18:06:05.179,7468,10,6,10.2.0.2,22
10.2.0.2,22,2012-04-25 18:06:05.179,458,7,6,10.2.0.1,1099
10.2.0.2,8080,2012-04-25 18:06:06.181,602,5,6,10.2.0.1,1530
10.2.0.1,1099,2012-04-25 18:06:06.181,54,1,6,10.2.0.2,22
10.2.0.2,22,2012-04-25 18:06:06.182,134,1,6,10.2.0.1,1099
10.2.0.1,1530,2012-04-25 18:06:06.182,9930,4,6,10.2.0.2,8080
10.2.0.2,53,2012-04-25 18:06:06.182,82,1,17,10.2.0.1,65345
10.2.0.1,65345,2012-04-25 18:06:06.182,82,1,17,10.2.0.2,53
10.2.0.2,53,2012-04-25 18:06:20.193,79,1,17,10.2.0.1,54603
10.2.0.1,54603,2012-04-25 18:06:20.194,79,1,17,10.2.0.2,53
10.2.0.1,64309,2012-04-25 18:21:48.984,78,1,17,10.2.0.2,53
10.2.0.2,53,2012-04-25 18:21:48.984,78,1,17,10.2.0.1,64309
10.2.0.1,53471,2012-04-25 18:21:51.988,82,1,17,10.2.0.2,53
10.2.0.2,53,2012-04-25 18:21:51.988,82,1,17,10.2.0.1,53471
10.2.0.1,64310,2012-04-25 18:21:54.991,104,1,17,10.2.0.2,53
10.2.0.2,53,2012-04-25 18:21:54.991,104,1,17,10.2.0.1,64310
10.2.0.2,53,2012-04-25 18:22:06.0,79,1,17,10.2.0.1,60095
10.2.0.2,53,2012-04-25 18:22:06.0,75,1,17,10.2.0.1,56555
10.2.0.1,60095,2012-04-25 18:22:06.0,79,1,17,10.2.0.2,53
10.2.0.1,56555,2012-04-25 18:22:06.0,75,1,17,10.2.0.2,53
10.2.0.1,49891,2012-04-25 18:22:09.005,146,1,17,10.2.0.2,53
10.2.0.2,53,2012-04-25 18:22:09.005,146,1,17,10.2.0.1,49891
10.2.0.1,64311,2012-04-25 18:22:21.014,88,1,17,10.2.0.2,53
10.2.0.2,53,2012-04-25 18:22:21.015,88,1,17,10.2.0.1,64311
10.2.0.1,54172,2012-04-25 18:22:32.023,104,1,17,10.2.0.2,53
10.2.0.2,53,2012-04-25 18:22:32.023,104,1,17,10.2.0.1,54172
10.2.0.2,53,2012-04-25 18:22:35.026,82,1,17,10.2.0.1,64312
10.2.0.1,64312,2012-04-25 18:22:35.026,82,1,17,10.2.0.2,53
10.2.0.2,22,2012-04-25 18:22:41.032,370,3,6,10.2.0.1,1123
10.2.0.1,1123,2012-04-25 18:22:41.032,268,2,6,10.2.0.2,22
10.2.0.2,22,2012-04-25 18:22:42.034,512600,348,6,10.2.0.1,1123
10.2.0.1,1123,2012-04-25 18:22:42.034,11480,188,6,10.2.0.2,22
10.2.0.2,22,2012-04-25 18:22:43.035,1508218,1005,6,10.2.0.1,1123
10.2.0.1,1123,2012-04-25 18:22:43.035,39228,632,6,10.2.0.2,22
10.2.0.2,22,2012-04-25 18:22:44.038,852264,566,6,10.2.0.1,1123
10.2.0.1,1123,2012-04-25 18:22:44.038,22282,363,6,10.2.0.2,22
10.2.0.2,22,2012-04-25 18:22:45.041,1451992,962,6,10.2.0.1,1123
10.2.0.1,1123,2012-04-25 18:22:45.042,34104,560,6,10.2.0.2,22
10.2.0.1,1099,2012-04-25 18:22:46.047,188,2,6,10.2.0.2,22
10.2.0.2,53,2012-04-25 18:22:46.049,146,1,17,10.2.0.1,52991
10.2.0.2,22,2012-04-25 18:22:46.049,1240604,824,6,10.2.0.1,1123
10.2.0.1,1123,2012-04-25 18:22:46.05,28236,468,6,10.2.0.2,22
10.2.0.2,22,2012-04-25 18:22:46.05,188,2,6,10.2.0.1,1099
10.2.0.1,52991,2012-04-25 18:22:46.051,146,1,17,10.2.0.2,53
10.2.0.1,1099,2012-04-25 18:22:47.053,230,1,6,10.2.0.2,22
10.2.0.2,22,2012-04-25 18:22:47.053,1753562,1177,6,10.2.0.1,1123
10.2.0.1,1123,2012-04-25 18:22:47.053,38376,636,6,10.2.0.2,22
10.2.0.2,22,2012-04-25 18:22:47.053,188,2,6,10.2.0.1,1099
10.2.0.2,22,2012-04-25 18:22:48.055,2030576,1372,6,10.2.0.1,1123
10.2.0.1,1123,2012-04-25 18:22:48.055,44108,730,6,10.2.0.2,22
10.2.0.2,53,2012-04-25 18:22:49.057,79,1,17,10.2.0.1,60997
10.2.0.1,60997,2012-04-25 18:22:49.057,79,1,17,10.2.0.2,53
10.2.0.2,22,2012-04-25 18:22:49.057,28524,26,6,10.2.0.1,1123
10.2.0.1,1123,2012-04-25 18:22:49.058,2426,15,6,10.2.0.2,22
10.2.0.2,53,2012-04-25 18:22:49.058,75,1,17,10.2.0.1,55543
10.2.0.1,55543,2012-04-25 18:22:49.058,75,1,17,10.2.0.2,53
10.2.0.1,1099,2012-04-25 18:22:50.06,370,3,6,10.2.0.2,22
10.2.0.2,22,2012-04-25 18:22:50.06,430,5,6,10.2.0.1,1099
10.2.0.1,1099,2012-04-25 18:22:51.061,584,4,6,10.2.0.2,22
10.2.0.2,22,2012-04-25 18:22:51.062,564,6,6,10.2.0.1,1099
10.2.0.1,1099,2012-04-25 18:22:52.063,14986,23,6,10.2.0.2,22
10.2.0.2,22,2012-04-25 18:22:52.064,996,14,6,10.2.0.1,1099
10.2.0.1,1099,2012-04-25 18:22:53.065,15050,23,6,10.2.0.2,22
10.2.0.2,22,2012-04-25 18:22:53.065,1210,15,6,10.2.0.1,1099
10.2.0.1,1616,2012-04-25 18:22:58.069,2432,4,6,10.2.0.2,8080
10.2.0.2,8080,2012-04-25 18:22:58.069,1097,5,6,10.2.0.1,1616
10.2.0.1,1616,2012-04-25 18:23:01.072,54,1,6,10.2.0.2,8080
10.2.0.2,8080,2012-04-25 18:23:01.072,537,1,6,10.2.0.1,1616
10.2.0.1,1099,2012-04-25 18:23:04.075,188,2,6,10.2.0.2,22
10.2.0.2,22,2012-04-25 18:23:04.075,188,2,6,10.2.0.1,1099
10.2.0.1,1616,2012-04-25 18:23:06.077,10409,5,6,10.2.0.2,8080
10.2.0.2,8080,2012-04-25 18:23:06.078,656,6,6,10.2.0.1,1616
10.2.0.1,1099,2012-04-25 18:23:08.08,12366,13,6,10.2.0.2,22
10.2.0.2,22,2012-04-25 18:23:08.08,726,9,6,10.2.0.1,1099
10.2.0.2,53,2012-04-25 18:23:09.081,89,1,17,10.2.0.1,59454
10.2.0.1,59454,2012-04-25 18:23:09.082,89,1,17,10.2.0.2,53
10.2.0.2,53,2012-04-25 18:23:16.088,88,1,17,10.2.0.1,64313
10.2.0.1,64313,2012-04-25 18:23:16.088,88,1,17,10.2.0.2,53
10.2.0.1,50684,2012-04-25 18:23:23.093,83,1,17,10.2.0.2,53
10.2.0.2,53,2012-04-25 18:23:23.093,83,1,17,10.2.0.1,50684
10.2.0.1,1616,2012-04-25 18:23:26.096,54,1,6,10.2.0.2,8080
10.2.0.2,8080,2012-04-25 18:23:26.097,54,1,6,10.2.0.1,1616
10.2.0.2,53,2012-04-25 18:23:27.098,80,1,17,10.2.0.1,64316
10.2.0.1,64316,2012-04-25 18:23:27.098,80,1,17,10.2.0.2,53
10.2.0.2,53,2012-04-25 18:23:30.102,82,1,17,10.2.0.1,64317
10.2.0.1,64317,2012-04-25 18:23:30.102,82,1,17,10.2.0.2,53
10.2.0.1,1616,2012-04-25 18:23:35.106,54,1,6,10.2.0.2,8080
10.2.0.2,8080,2012-04-25 18:23:35.106,54,1,6,10.2.0.1,1616
10.2.0.2,53,2012-04-25 18:23:44.113,79,1,17,10.2.0.1,50154
10.2.0.2,22,2012-04-25 18:23:44.114,316,2,6,10.2.0.1,1123
10.2.0.1,1123,2012-04-25 18:23:44.114,268,2,6,10.2.0.2,22
10.2.0.1,58404,2012-04-25 18:23:44.114,75,1,17,10.2.0.2,53
10.2.0.1,50154,2012-04-25 18:23:44.114,79,1,17,10.2.0.2,53
10.2.0.2,53,2012-04-25 18:23:44.114,75,1,17,10.2.0.1,58404
10.2.0.2,22,2012-04-25 18:23:45.116,4912,6,6,10.2.0.1,1123
10.2.0.1,1123,2012-04-25 18:23:45.116,290,3,6,10.2.0.2,22
10.2.0.2,22,2012-04-25 18:23:46.118,7162,5,6,10.2.0.1,1123
10.2.0.1,1123,2012-04-25 18:23:46.118,360,6,6,10.2.0.2,22
10.2.0.2,22,2012-04-25 18:23:47.12,283644,188,6,10.2.0.1,1123
10.2.0.1,1123,2012-04-25 18:23:47.12,6812,114,6,10.2.0.2,22
10.2.0.1,1099,2012-04-25 18:23:48.122,418,3,6,10.2.0.2,22
10.2.0.2,22,2012-04-25 18:23:48.122,1316134,873,6,10.2.0.1,1123
10.2.0.1,1123,2012-04-25 18:23:48.122,33368,538,6,10.2.0.2,22
10.2.0.2,22,2012-04-25 18:23:48.122,322,3,6,10.2.0.1,1099
10.2.0.2,22,2012-04-25 18:23:49.124,794902,529,6,10.2.0.1,1123
10.2.0.1,1123,2012-04-25 18:23:49.124,21220,342,6,10.2.0.2,22
10.2.0.2,22,2012-04-25 18:23:49.125,54,1,6,10.2.0.1,1099
10.2.0.2,22,2012-04-25 18:23:50.126,1746580,1158,6,10.2.0.1,1123
10.2.0.1,1123,2012-04-25 18:23:50.126,46734,761,6,10.2.0.2,22
10.2.0.2,22,2012-04-25 18:23:51.128,844740,564,6,10.2.0.1,1123
10.2.0.2,53,2012-04-25 18:43:36.414,75,1,17,10.2.0.1,50177
10.2.0.2,53,2012-04-25 18:43:51.426,88,1,17,10.2.0.1,55414
10.2.0.1,55414,2012-04-25 18:43:51.426,88,1,17,10.2.0.2,53
10.2.0.1,60201,2012-04-25 18:43:55.43,91,1,17,10.2.0.2,53
10.2.0.2,53,2012-04-25 18:43:55.43,91,1,17,10.2.0.1,60201
10.2.0.2,53,2012-04-25 18:44:05.438,82,1,17,10.2.0.1,51445
10.2.0.1,51445,2012-04-25 18:44:05.438,82,1,17,10.2.0.2,53
10.2.0.2,53,2012-04-25 18:44:19.449,75,1,17,10.2.0.1,58895
10.2.0.1,58895,2012-04-25 18:44:19.449,75,1,17,10.2.0.2,53
10.2.0.2,53,2012-04-25 18:44:19.449,79,1,17,10.2.0.1,65054
10.2.0.1,65054,2012-04-25 18:44:19.449,79,1,17,10.2.0.2,53
10.2.0.1,54133,2012-04-25 18:44:45.469,88,1,17,10.2.0.2,53
10.2.0.1,0,2012-04-25 18:44:45.469,94,2,1,10.2.0.2,0
10.2.0.2,0,2012-04-25 18:44:45.47,94,2,1,10.2.0.1,0
10.2.0.2,53,2012-04-25 18:44:45.47,88,1,17,10.2.0.1,54133
10.2.0.1,60243,2012-04-25 18:44:51.475,91,1,17,10.2.0.2,53
10.2.0.2,53,2012-04-25 18:44:51.475,91,1,17,10.2.0.1,60243
10.2.0.1,59993,2012-04-25 18:44:59.482,82,1,17,10.2.0.2,53
10.2.0.2,53,2012-04-25 18:44:59.482,82,1,17,10.2.0.1,59993
10.2.0.2,53,2012-04-25 18:45:13.493,79,1,17,10.2.0.1,51945
10.2.0.1,53959,2012-04-25 18:45:13.493,75,1,17,10.2.0.2,53
10.2.0.1,51945,2012-04-25 18:45:13.493,79,1,17,10.2.0.2,53
10.2.0.2,53,2012-04-25 18:45:13.493,75,1,17,10.2.0.1,53959
10.2.0.2,53,2012-04-25 18:45:29.505,88,1,17,10.2.0.1,49603
10.2.0.1,49603,2012-04-25 18:45:29.505,88,1,17,10.2.0.2,53
10.2.0.2,53,2012-04-25 18:45:43.516,82,1,17,10.2.0.1,64335
10.2.0.1,64335,2012-04-25 18:45:43.516,82,1,17,10.2.0.2,53
10.2.0.1,52616,2012-04-25 18:45:49.521,81,1,17,10.2.0.2,53
10.2.0.2,53,2012-04-25 18:45:49.521,81,1,17,10.2.0.1,52616
10.2.0.2,53,2012-04-25 18:45:53.525,76,1,17,10.2.0.1,49542
10.2.0.1,49542,2012-04-25 18:45:53.525,76,1,17,10.2.0.2,53
10.2.0.2,53,2012-04-25 18:45:57.529,79,1,17,10.2.0.1,64336
10.2.0.1,52054,2012-04-25 18:45:57.529,75,1,17,10.2.0.2,53
10.2.0.1,64336,2012-04-25 18:45:57.529,79,1,17,10.2.0.2,53
10.2.0.2,53,2012-04-25 18:45:57.53,75,1,17,10.2.0.1,52054
10.2.0.2,53,2012-04-25 18:46:06.537,78,1,17,10.2.0.1,64530
10.2.0.2,53,2012-04-25 18:46:06.537,76,1,17,10.2.0.1,54573
10.2.0.1,64530,2012-04-25 18:46:06.537,78,1,17,10.2.0.2,53
10.2.0.1,54573,2012-04-25 18:46:06.537,76,1,17,10.2.0.2,53
10.2.0.2,53,2012-04-25 18:46:07.539,87,1,17,10.2.0.1,64337
10.2.0.2,53,2012-04-25 18:46:07.539,78,1,17,10.2.0.1,60888
10.2.0.1,64337,2012-04-25 18:46:07.539,87,1,17,10.2.0.2,53
10.2.0.1,60888,2012-04-25 18:46:07.539,78,1,17,10.2.0.2,53
10.2.0.1,50040,2012-04-25 18:46:08.541,71,1,17,10.2.0.2,53
10.2.0.2,53,2012-04-25 18:46:08.541,71,1,17,10.2.0.1,50040
10.2.0.1,49582,2012-04-25 18:46:12.545,82,1,17,10.2.0.2,53
10.2.0.1,57245,2012-04-25 18:46:12.545,76,1,17,10.2.0.2,53
10.2.0.2,53,2012-04-25 18:46:12.545,82,1,17,10.2.0.1,49582
10.2.0.2,53,2012-04-25 18:46:12.545,76,1,17,10.2.0.1,57245
10.2.0.2,53,2012-04-25 18:46:13.547,84,1,17,10.2.0.1,59528
10.2.0.2,53,2012-04-25 18:46:13.547,82,1,17,10.2.0.1,50546
10.2.0.2,53,2012-04-25 18:46:13.547,77,1,17,10.2.0.1,53873
10.2.0.1,59528,2012-04-25 18:46:13.547,84,1,17,10.2.0.2,53
10.2.0.1,50546,2012-04-25 18:46:13.548,82,1,17,10.2.0.2,53
10.2.0.1,53873,2012-04-25 18:46:13.548,77,1,17,10.2.0.2,53
10.2.0.2,53,2012-04-25 18:46:14.549,73,1,17,10.2.0.1,58016
10.2.0.1,58016,2012-04-25 18:46:14.549,73,1,17,10.2.0.2,53
10.2.0.1,53139,2012-04-25 18:46:22.556,88,1,17,10.2.0.2,53
10.2.0.2,53,2012-04-25 18:46:22.556,88,1,17,10.2.0.1,53139
10.2.0.2,53,2012-04-25 18:46:36.567,82,1,17,10.2.0.1,58518
10.2.0.1,58518,2012-04-25 18:46:36.567,82,1,17,10.2.0.2,53
10.2.0.2,53,2012-04-25 18:46:50.578,75,1,17,10.2.0.1,50493
10.2.0.1,50493,2012-04-25 18:46:50.579,75,1,17,10.2.0.2,53
10.2.0.2,53,2012-04-25 18:46:50.579,79,1,17,10.2.0.1,51083
10.2.0.2,53,2012-04-25 18:46:54.583,90,1,17,10.2.0.1,50303
10.2.0.1,50303,2012-04-25 18:46:54.583,90,1,17,10.2.0.2,53
10.2.0.1,64338,2012-04-25 18:47:05.591,88,1,17,10.2.0.2,53
10.2.0.2,53,2012-04-25 18:47:05.591,88,1,17,10.2.0.1,64338
10.2.0.2,53,2012-04-25 18:47:08.594,90,1,17,10.2.0.1,51114
10.2.0.1,51114,2012-04-25 18:47:08.594,90,1,17,10.2.0.2,53
10.2.0.2,53,2012-04-25 18:47:19.603,82,1,17,10.2.0.1,56029
10.2.0.1,56029,2012-04-25 18:47:19.603,82,1,17,10.2.0.2,53
10.2.0.2,53,2012-04-25 18:47:22.606,84,1,17,10.2.0.1,64431
10.2.0.1,64431,2012-04-25 18:47:22.606,84,1,17,10.2.0.2,53
10.2.0.2,53,2012-04-25 18:47:26.61,81,1,17,10.2.0.1,58006
10.2.0.1,58006,2012-04-25 18:47:26.61,81,1,17,10.2.0.2,53
10.2.0.1,59851,2012-04-25 18:47:33.616,75,1,17,10.2.0.2,53
10.2.0.1,57011,2012-04-25 18:47:33.617,79,1,17,10.2.0.2,53
10.2.0.2,53,2012-04-25 18:47:33.617,75,1,17,10.2.0.1,59851
10.2.0.2,53,2012-04-25 18:47:33.617,79,1,17,10.2.0.1,57011
10.2.0.1,60448,2012-04-25 18:48:00.637,88,1,17,10.2.0.2,53
10.2.0.2,53,2012-04-25 18:48:00.638,88,1,17,10.2.0.1,60448
10.2.0.1,54194,2012-04-25 18:48:14.649,82,1,17,10.2.0.2,53
10.2.0.2,53,2012-04-25 18:48:14.649,82,1,17,10.2.0.1,54194
10.2.0.1,64339,2012-04-25 18:48:28.66,75,1,17,10.2.0.2,53
10.2.0.2,53,2012-04-25 18:48:28.66,75,1,17,10.2.0.1,64339
10.2.0.2,53,2012-04-25 18:48:28.66,79,1,17,10.2.0.1,59228
10.2.0.1,59228,2012-04-25 18:48:28.66,79,1,17,10.2.0.2,53
10.2.0.2,53,2012-04-25 18:48:43.672,88,1,17,10.2.0.1,50509
10.2.0.1,50509,2012-04-25 18:48:43.672,88,1,17,10.2.0.2,53
10.2.0.1,58197,2012-04-25 18:48:57.683,82,1,17,10.2.0.2,53
10.2.0.2,53,2012-04-25 18:48:57.683,82,1,17,10.2.0.1,58197
10.2.0.1,57338,2012-04-25 18:49:11.694,75,1,17,10.2.0.2,53
10.2.0.1,59330,2012-04-25 18:49:11.694,79,1,17,10.2.0.2,53
10.2.0.2,53,2012-04-25 18:49:11.694,79,1,17,10.2.0.1,59330
10.2.0.2,53,2012-04-25 18:49:11.695,75,1,17,10.2.0.1,57338
10.2.0.1,55341,2012-04-25 18:49:15.698,104,1,17,10.2.0.2,53
10.2.0.2,53,2012-04-25 18:49:15.698,104,1,17,10.2.0.1,55341
10.2.0.1,65019,2012-04-25 18:49:29.709,146,1,17,10.2.0.2,53
10.2.0.2,53,2012-04-25 18:49:29.709,146,1,17,10.2.0.1,65019
10.2.0.2,22,2012-04-25 18:04:09.055,860,10,6,10.2.0.1,1099
10.2.0.2,8080,2012-04-25 18:04:13.059,657,3,6,10.2.0.1,1526
10.2.0.1,1526,2012-04-25 18:04:13.059,120,2,6,10.2.0.2,8080
10.2.0.2,53,2012-04-25 18:04:14.06,88,1,17,10.2.0.1,58691
10.2.0.1,58691,2012-04-25 18:04:14.06,88,1,17,10.2.0.2,53
10.2.0.1,1099,2012-04-25 18:04:15.062,188,2,6,10.2.0.2,22
10.2.0.2,22,2012-04-25 18:04:15.062,188,2,6,10.2.0.1,1099
10.2.0.1,1099,2012-04-25 18:04:16.064,9906,11,6,10.2.0.2,22
10.2.0.2,22,2012-04-25 18:04:16.064,672,8,6,10.2.0.1,1099
10.2.0.2,8080,2012-04-25 18:04:16.064,602,5,6,10.2.0.1,1526
10.2.0.1,1526,2012-04-25 18:04:16.064,9311,5,6,10.2.0.2,8080
10.2.0.1,50351,2012-04-25 18:04:28.074,82,1,17,10.2.0.2,53
10.2.0.2,8080,2012-04-25 18:04:36.081,54,1,6,10.2.0.1,1526
10.2.0.1,1526,2012-04-25 18:04:36.081,54,1,6,10.2.0.2,8080
10.2.0.2,8080,2012-04-25 18:04:38.083,54,1,6,10.2.0.1,1526
10.2.0.1,1526,2012-04-25 18:04:38.084,54,1,6,10.2.0.2,8080
10.2.0.1,56524,2012-04-25 18:04:42.088,79,1,17,10.2.0.2,53
10.2.0.2,53,2012-04-25 18:04:42.088,79,1,17,10.2.0.1,56524
10.2.0.2,53,2012-04-25 18:04:42.088,75,1,17,10.2.0.1,64407
10.2.0.1,64407,2012-04-25 18:04:42.088,75,1,17,10.2.0.2,53
10.2.0.2,53,2012-04-25 18:05:08.108,88,1,17,10.2.0.1,58439
10.2.0.1,58439,2012-04-25 18:05:08.108,88,1,17,10.2.0.2,53
10.2.0.2,22,2012-04-25 18:05:19.118,370,3,6,10.2.0.1,1123
10.2.0.1,1123,2012-04-25 18:05:19.118,402,3,6,10.2.0.2,22
10.2.0.2,22,2012-04-25 18:05:20.12,698188,466,6,10.2.0.1,1123
10.2.0.1,1123,2012-04-25 18:05:20.12,15514,255,6,10.2.0.2,22
10.2.0.2,22,2012-04-25 18:05:21.122,1679546,1129,6,10.2.0.1,1123
10.2.0.1,1123,2012-04-25 18:05:21.122,37662,621,6,10.2.0.2,22
10.2.0.2,53,2012-04-25 18:05:22.124,82,1,17,10.2.0.1,55342
10.2.0.1,55342,2012-04-25 18:05:22.124,82,1,17,10.2.0.2,53
10.2.0.2,22,2012-04-25 18:05:22.124,1768324,1180,6,10.2.0.1,1123
10.2.0.1,1123,2012-04-25 18:05:22.124,43734,709,6,10.2.0.2,22
10.2.0.1,1099,2012-04-25 18:05:23.126,188,2,6,10.2.0.2,22
10.2.0.2,22,2012-04-25 18:05:23.126,170672,114,6,10.2.0.1,1123
10.2.0.1,1123,2012-04-25 18:05:23.126,5990,97,6,10.2.0.2,22
10.2.0.2,22,2012-04-25 18:05:23.126,188,2,6,10.2.0.1,1099
10.2.0.1,1099,2012-04-25 18:05:24.128,230,1,6,10.2.0.2,22
10.2.0.2,22,2012-04-25 18:05:24.128,949098,631,6,10.2.0.1,1123
10.2.0.1,1123,2012-04-25 18:05:24.128,23830,387,6,10.2.0.2,22
10.2.0.2,22,2012-04-25 18:05:24.128,188,2,6,10.2.0.1,1099
10.2.0.2,22,2012-04-25 18:05:25.13,1092410,725,6,10.2.0.1,1123
10.2.0.1,1123,2012-04-25 18:05:25.13,29312,470,6,10.2.0.2,22
10.2.0.2,22,2012-04-25 18:05:26.132,1006452,670,6,10.2.0.1,1123
10.2.0.1,1123,2012-04-25 18:05:26.132,27690,435,6,10.2.0.2,22
10.2.0.2,22,2012-04-25 18:05:27.133,1530542,1015,6,10.2.0.1,1123
10.2.0.1,1123,2012-04-25 18:05:27.133,36456,594,6,10.2.0.2,22
10.2.0.2,22,2012-04-25 18:05:28.135,530828,362,6,10.2.0.1,1123
10.2.0.1,1123,2012-04-25 18:05:28.135,15688,228,6,10.2.0.2,22
10.2.0.1,1099,2012-04-25 18:05:29.136,472,4,6,10.2.0.2,22
10.2.0.2,22,2012-04-25 18:05:29.136,510,5,6,10.2.0.1,1099
10.2.0.1,1099,2012-04-25 18:05:30.138,482,3,6,10.2.0.2,22
10.2.0.2,22,2012-04-25 18:05:30.138,430,5,6,10.2.0.1,1099
10.2.0.1,1099,2012-04-25 18:05:31.14,10376,20,6,10.2.0.2,22
10.2.0.2,22,2012-04-25 18:05:31.14,834,11,6,10.2.0.1,1099
10.2.0.2,53,2012-04-25 18:05:36.144,75,1,17,10.2.0.1,60439
10.2.0.2,53,2012-04-25 18:05:36.144,79,1,17,10.2.0.1,57864
10.2.0.1,57864,2012-04-25 18:05:36.144,79,1,17,10.2.0.2,53
10.2.0.1,60439,2012-04-25 18:05:36.145,75,1,17,10.2.0.2,53
10.2.0.1,1099,2012-04-25 18:05:49.155,188,2,6,10.2.0.2,22
10.2.0.2,22,2012-04-25 18:05:49.155,134,1,6,10.2.0.1,1099
10.2.0.1,1099,2012-04-25 18:05:50.157,364,2,6,10.2.0.2,22
10.2.0.2,22,2012-04-25 18:05:50.157,188,2,6,10.2.0.1,1099
10.2.0.1,1099,2012-04-25 18:05:51.158,370,3,6,10.2.0.2,22
10.2.0.2,22,2012-04-25 18:05:51.159,376,4,6,10.2.0.1,1099
10.2.0.1,1099,2012-04-25 18:05:52.16,498,3,6,10.2.0.2,22
10.2.0.2,22,2012-04-25 18:05:52.16,564,6,6,10.2.0.1,1099
10.2.0.1,52166,2012-04-25 18:05:52.161,88,1,17,10.2.0.2,53
10.2.0.2,53,2012-04-25 18:05:52.161,88,1,17,10.2.0.1,52166
10.2.0.1,1099,2012-04-25 18:05:53.162,15132,26,6,10.2.0.2,22
10.2.0.2,22,2012-04-25 18:05:53.163,1184,16,6,10.2.0.1,1099
10.2.0.2,8080,2012-04-25 18:05:56.165,657,3,6,10.2.0.1,1529
10.2.0.1,1529,2012-04-25 18:05:56.166,120,2,6,10.2.0.2,8080
10.2.0.2,8080,2012-04-25 18:05:58.168,560,4,6,10.2.0.1,1530
10.2.0.2,8080,2012-04-25 18:05:58.168,108,2,6,10.2.0.1,1529
10.2.0.1,1099,2012-04-25 18:05:58.168,10434,11,6,10.2.0.2,22
10.2.0.2,22,2012-04-25 18:05:58.168,592,8,6,10.2.0.1,1099
10.2.0.1,1530,2012-04-25 18:05:58.169,1276,3,6,10.2.0.2,8080
10.2.0.1,1529,2012-04-25 18:05:58.169,1513,3,6,10.2.0.2,8080
10.2.0.1,1099,2012-04-25 18:05:59.17,5622,9,6,10.2.0.2,22
10.2.0.2,22,2012-04-25 18:05:59.17,564,6,6,10.2.0.1,1099
10.2.0.2,8080,2012-04-25 18:06:00.172,923,2,6,10.2.0.1,1530
10.2.0.1,1530,2012-04-25 18:06:00.172,2312,2,6,10.2.0.2,8080
10.2.0.2,8080,2012-04-25 18:06:01.173,1568,5,6,10.2.0.1,1530
10.2.0.1,1530,2012-04-25 18:06:01.173,3468,3,6,10.2.0.2,8080
10.2.0.2,8080,2012-04-25 18:06:02.175,1417,5,6,10.2.0.1,1530
10.2.0.1,1530,2012-04-25 18:06:02.175,3468,3,6,10.2.0.2,8080
10.2.0.2,8080,2012-04-25 18:06:03.176,537,1,6,10.2.0.1,1530
10.2.0.1,1530,2012-04-25 18:06:03.176,54,1,6,10.2.0.2,8080
10.2.0.1,1099,2012-04-25 18:06:04.177,188,2,6,10.2.0.2,22
10.2.0.2,22,2012-04-25 18:06:04.177,134,1,6,10.2.0.1,1099
10.2.0.1,1099,2012-04-25 18:06:05.179,7468,10,6,10.2.0.2,22
10.2.0.2,22,2012-04-25 18:06:05.179,458,7,6,10.2.0.1,1099
10.2.0.2,8080,2012-04-25 18:06:06.181,602,5,6,10.2.0.1,1530
10.2.0.1,1099,2012-04-25 18:06:06.181,54,1,6,10.2.0.2,22
10.2.0.2,22,2012-04-25 18:06:06.182,134,1,6,10.2.0.1,1099
10.2.0.1,1530,2012-04-25 18:06:06.182,9930,4,6,10.2.0.2,8080
10.2.0.2,53,2012-04-25 18:06:06.182,82,1,17,10.2.0.1,65345
10.2.0.1,65345,2012-04-25 18:06:06.182,82,1,17,10.2.0.2,53
10.2.0.2,53,2012-04-25 18:06:20.193,79,1,17,10.2.0.1,54603
10.2.0.1,54603,2012-04-25 18:06:20.194,79,1,17,10.2.0.2,53
10.2.0.1,64419,2012-04-25 18:06:20.194,75,1,17,10.2.0.2,53
10.2.0.2,53,2012-04-25 18:06:20.194,75,1,17,10.2.0.1,64419
10.2.0.2,8080,2012-04-25 18:06:26.199,54,1,6,10.2.0.1,1530
10.2.0.1,1530,2012-04-25 18:06:26.199,54,1,6,10.2.0.2,8080
10.2.0.2,8080,2012-04-25 18:06:36.207,54,1,6,10.2.0.1,1530
10.2.0.1,1530,2012-04-25 18:06:36.207,54,1,6,10.2.0.2,8080
10.2.0.1,64287,2012-04-25 18:06:49.218,88,1,17,10.2.0.2,53
10.2.0.2,53,2012-04-25 18:06:49.218,88,1,17,10.2.0.1,64287
10.2.0.1,56076,2012-04-25 18:07:03.229,82,1,17,10.2.0.2,53
10.2.0.2,53,2012-04-25 18:07:03.23,82,1,17,10.2.0.1,56076
10.2.0.1,64288,2012-04-25 18:07:17.24,79,1,17,10.2.0.2,53
10.2.0.2,53,2012-04-25 18:07:17.24,79,1,17,10.2.0.1,64288
10.2.0.1,61861,2012-04-25 18:07:17.241,75,1,17,10.2.0.2,53
10.2.0.2,53,2012-04-25 18:07:17.241,75,1,17,10.2.0.1,61861
10.2.0.2,53,2012-04-25 18:07:32.252,88,1,17,10.2.0.1,61545
10.2.0.1,61545,2012-04-25 18:07:32.252,88,1,17,10.2.0.2,53
10.2.0.2,53,2012-04-25 18:07:46.263,82,1,17,10.2.0.1,55768
10.2.0.1,55768,2012-04-25 18:07:46.263,82,1,17,10.2.0.2,53
10.2.0.1,53395,2012-04-25 18:08:00.274,75,1,17,10.2.0.2,53
10.2.0.1,65451,2012-04-25 18:08:00.275,79,1,17,10.2.0.2,53
10.2.0.2,53,2012-04-25 18:08:00.275,79,1,17,10.2.0.1,65451
10.2.0.2,53,2012-04-25 18:08:00.275,75,1,17,10.2.0.1,53395
10.2.0.2,53,2012-04-25 18:08:27.294,88,1,17,10.2.0.1,54477
10.2.0.1,54477,2012-04-25 18:08:27.295,88,1,17,10.2.0.2,53
10.2.0.2,53,2012-04-25 18:08:41.305,82,1,17,10.2.0.1,59671
10.2.0.1,59671,2012-04-25 18:08:41.305,82,1,17,10.2.0.2,53
10.2.0.1,64289,2012-04-25 18:08:55.316,75,1,17,10.2.0.2,53
10.2.0.2,53,2012-04-25 18:08:55.317,75,1,17,10.2.0.1,64289
10.2.0.2,53,2012-04-25 18:08:55.317,91,1,17,10.2.0.1,57352
10.2.0.1,56533,2012-04-25 18:08:55.317,79,1,17,10.2.0.2,53
10.2.0.1,57352,2012-04-25 18:08:55.317,91,1,17,10.2.0.2,53
10.2.0.2,53,2012-04-25 18:08:55.317,79,1,17,10.2.0.1,56533
10.2.0.2,53,2012-04-25 18:09:11.33,88,1,17,10.2.0.1,53072
10.2.0.1,53072,2012-04-25 18:09:11.33,88,1,17,10.2.0.2,53
10.2.0.1,58068,2012-04-25 18:09:25.34,82,1,17,10.2.0.2,53
10.2.0.2,53,2012-04-25 18:09:25.341,82,1,17,10.2.0.1,58068